test_set,model,clip_id,episode_id,scene_id,frames,unmasked_frames,unmasked_frame_indices,missing_frames,mask_ratio,shifted_distance,npss,full_l1,missing_l1
held_out_algorithmic,release,0,ep0001,scn0029,132,4,"[0,2,9,131]",128,0.9696969696969697,0.14316858910719182,1.0495946224536257,0.004273844882845879,0.0044074030593037605
held_out_algorithmic,release,1,ep0001,scn0034,102,6,"[0,12,25,46,60,101]",96,0.9411764705882353,0.7262098769534309,0.0478842433920628,0.0022719542030245066,0.002413951326161623
held_out_algorithmic,release,2,ep0002,scn0010b,105,9,"[0,19,24,45,69,71,73,75,104]",96,0.9142857142857143,0.6595330974045542,0.04253425766502769,0.0018754451302811503,0.0020512682385742664
held_out_algorithmic,release,3,ep0002,scn0011,242,10,"[0,23,28,70,111,166,216,219,222,241]",232,0.9586776859504132,0.11160045300424098,0.15859838931740255,0.0012729333247989416,0.001327801146544516
held_out_algorithmic,release,4,ep0003,scn0049,42,14,"[0,4,6,9,11,14,16,19,21,24,26,29,31,41]",28,0.6666666666666666,4.440647608290116,0.7281825994092739,0.012235649861395359,0.018353473395109177
held_out_algorithmic,release,5,ep0005,scn0044,72,10,"[0,10,17,20,23,25,29,41,51,71]",62,0.8611111111111112,1.3681615535402671,0.22834413069523848,0.00881319958716631,0.010234682820737362
held_out_algorithmic,release,6,ep0007,scn0006,93,5,"[0,27,34,78,92]",88,0.946236559139785,3.8622948808285096,1.6520697823972823,0.009863637387752533,0.010424070991575718
held_out_algorithmic,release,7,ep0008,scn0008,56,4,"[0,10,40,55]",52,0.9285714285714286,19.458714165564242,2.254739439357121,0.07205794751644135,0.0776008665561676
held_out_algorithmic,release,8,ep0009,scn0019,249,13,"[0,22,59,111,114,118,123,146,154,160,164,166,248]",236,0.9477911646586346,2.1333098446448835,0.6264411321587947,0.005241936072707176,0.005530687049031258
held_out_algorithmic,release,9,ep0010,scn0005,197,8,"[0,45,108,113,162,164,167,196]",189,0.9593908629441624,0.2630390887850611,0.03850612038228178,0.001579980831593275,0.0016468585235998034
held_out_algorithmic,release,10,ep0010,scn0029,139,6,"[0,83,93,114,122,138]",133,0.9568345323741008,0.6239234500831657,0.16603633968864834,0.0047666761092841625,0.004981713835150003
held_out_algorithmic,release,11,ep0011,scn0005,138,5,"[0,14,16,61,137]",133,0.9637681159420289,0.13085420452163998,0.017476436590583955,0.0003916773130185902,0.0004064020176883787
held_out_algorithmic,release,12,ep0011,scn0027,70,21,"[0,4,8,11,15,18,22,25,29,32,36,39,43,46,50,53,57,60,64,67,69]",49,0.7,4.911336601450202,0.5740721712688431,0.027994830161333084,0.03999261558055878
held_out_algorithmic,release,13,ep0011,scn0051,281,11,"[0,19,27,50,71,76,86,188,229,235,280]",270,0.9608540925266904,0.4247373361012031,0.20065398874009566,0.0026428992860019207,0.0027505727484822273
held_out_algorithmic,release,14,ep0012,scn0012,56,4,"[0,37,46,55]",52,0.9285714285714286,0.19626095454240666,0.042672146578471154,0.0008138107950799167,0.0008764116792008281
held_out_algorithmic,release,15,ep0013,scn0006,42,6,"[0,2,13,32,37,41]",36,0.8571428571428571,3.615303647461469,0.3536481882748813,0.034677423536777496,0.04045699164271355
held_out_algorithmic,release,16,ep0013,scn0030,246,14,"[0,3,5,8,12,51,54,61,72,152,182,185,189,245]",232,0.943089430894309,1.4874919403431028,0.7734512371252713,0.012343689799308777,0.013088568113744259
held_out_algorithmic,release,17,ep0014,scn0013,144,11,"[0,15,21,65,68,74,78,82,94,115,143]",133,0.9236111111111112,0.69266235952576,0.1969315113227325,0.004666065331548452,0.005051980260759592
held_out_algorithmic,release,18,ep0014,scn0042,92,27,"[0,3,6,8,11,13,16,18,21,23,26,28,31,33,36,39,42,44,47,49,51,58,60,62,66,70,91]",65,0.7065217391304348,4.413577529354992,0.5632467335350141,0.014439511112868786,0.020437462255358696
held_out_algorithmic,release,19,ep0017,scn0016,263,6,"[0,20,62,64,70,262]",257,0.9771863117870723,0.7059613946783408,0.19044922702714254,0.001716705854050815,0.001756784738972783
held_out_algorithmic,release,20,ep0017,scn0018,68,6,"[0,25,31,53,58,67]",62,0.9117647058823529,0.8159535129865011,0.24008717417841244,0.007912471890449524,0.00867819506675005
held_out_algorithmic,release,21,ep0017,scn0047,162,16,"[0,3,10,21,34,45,58,62,82,85,105,123,130,141,154,161]",146,0.9012345679012346,0.2572792070833119,0.001913520698454521,0.0006216340698301792,0.0006897583371028304
held_out_algorithmic,release,22,ep0022,scn0008,140,5,"[0,29,36,54,139]",135,0.9642857142857143,0.3000332608923212,0.209821879574331,0.0012403528671711683,0.001286291633732617
held_out_algorithmic,release,23,ep0022,scn0011,133,8,"[0,9,15,26,39,42,111,132]",125,0.9398496240601504,1.9446710300424117,1.1675454072434166,0.010373429395258427,0.011037329211831093
held_out_algorithmic,release,25,ep0028,scn0014,279,22,"[0,9,14,32,40,66,80,89,105,119,129,132,134,136,139,141,144,148,158,266,269,278]",257,0.921146953405018,0.658544772640992,0.20209628543720234,0.007763932924717665,0.008428549394011497
held_out_algorithmic,release,26,ep0029,scn0045,292,17,"[0,4,9,11,13,17,21,27,31,35,37,41,51,63,65,278,291]",275,0.9417808219178082,1.0534541330236566,0.778873655950285,0.006865683477371931,0.007290107663720846
held_out_algorithmic,release,27,ep0031,scn0020,102,8,"[0,14,25,30,32,57,64,101]",94,0.9215686274509803,1.208956234846954,0.13889275619072847,0.004386825952678919,0.00476017314940691
held_out_algorithmic,release,28,ep0031,scn0035,100,10,"[0,2,4,6,8,12,17,29,52,99]",90,0.9,0.4934089189628139,0.1355260621744235,0.004398578777909279,0.004887309856712818
held_out_algorithmic,release,29,ep0032,scn0017b,780,167,"[0,3,6,10,12,15,18,21,24,27,30,33,36,39,42,45,48,51,54,57,60,63,66,69,72,75,79,81,84,87,90,93,96,99,102,106,108,111,114,117,120,123,126,130,133,135,138,141,144,152,228,230,235,244,248,253,262,266,271,274,276,280,287,296,303,309,314,320,323,327,337,340,344,347,349,352,383,386,389,391,394,397,400,403,407,409,412,415,418,421,425,427,430,433,436,439,443,445,448,451,454,457,461,463,466,469,472,475,479,481,484,487,490,493,497,499,502,505,508,511,515,517,520,523,526,529,532,616,619,622,625,628,631,634,637,640,643,646,649,652,656,659,662,665,668,671,674,677,680,683,688,691,694,697,700,703,706,709,712,715,718,721,724,727,731,733,779]",613,0.7858974358974359,2.3789003614178568,4.000889191100079,0.006433234084397554,0.008185844868421555
held_out_algorithmic,release,30,ep0032,scn0022,52,5,"[0,5,19,44,51]",47,0.9038461538461539,0.46728781028227373,0.10863318836682595,0.0025647729635238647,0.0028376211412250996
held_out_algorithmic,release,31,ep0033,scn0045,95,4,"[0,66,79,94]",91,0.9578947368421052,0.2589033977272584,0.08777435636718973,0.0015016046818345785,0.001567609142512083
held_out_algorithmic,release,32,ep0035,scn0013,151,4,"[0,26,138,150]",147,0.9735099337748344,0.7277038507407008,0.04289707006791544,0.0016836035065352917,0.001729415962472558
held_out_algorithmic,release,33,ep0035,scn0040,66,11,"[0,22,26,33,37,40,43,45,48,52,65]",55,0.8333333333333334,1.4148459506034852,0.19815848768334346,0.006784379016608,0.00814125407487154
held_out_algorithmic,release,34,ep0036,scn0039,147,21,"[0,8,14,20,25,29,32,34,37,44,55,63,67,74,89,96,102,108,121,126,146]",126,0.8571428571428571,1.734269052182874,0.501614133362241,0.011355658993124962,0.013248268514871597
held_out_algorithmic,release,35,ep0036,scn0066,143,18,"[0,5,19,34,38,62,90,104,107,110,114,118,122,126,130,134,138,142]",125,0.8741258741258742,3.048104206000531,0.6717043832891879,0.008957483805716038,0.010247361846268177
held_out_algorithmic,release,36,ep0041,scn0001,461,61,"[0,5,9,13,17,21,25,29,33,37,41,45,49,53,57,61,65,69,73,77,81,85,89,93,97,101,105,109,113,117,121,129,133,137,141,145,149,153,157,161,165,169,173,177,181,185,189,193,197,201,203,205,209,213,220,271,302,361,382,406,460]",400,0.8676789587852495,2.5185415004308407,1.08049665876187,0.007968446239829063,0.00918363407254219
held_out_algorithmic,release,37,ep0041,scn0003,265,14,"[0,57,60,65,70,78,103,185,197,205,209,253,258,264]",251,0.9471698113207547,0.7178675907290799,0.20287902023254295,0.004066821653395891,0.004293655510991812
held_out_algorithmic,release,38,ep0041,scn0043,151,21,"[0,2,6,9,11,14,16,19,21,24,26,29,31,34,36,39,43,47,68,73,150]",130,0.8609271523178808,2.146666375328513,0.8614952218363895,0.00950706284493208,0.011042820289731026
held_out_algorithmic,release,39,ep0042,scn0018,147,8,"[0,11,16,110,118,122,127,146]",139,0.9455782312925171,2.026494189780327,0.39602472415716433,0.0057849157601594925,0.006117860786616802
held_out_algorithmic,release,40,ep0043,scn0058,36,3,"[0,24,35]",33,0.9166666666666666,0.05055952857475023,0.00028403972896897734,8.744271326577291e-05,9.539204620523378e-05
held_out_algorithmic,release,41,ep0045,scn0066,140,9,"[0,14,52,72,74,78,106,110,139]",131,0.9357142857142857,0.627424766341237,0.07806460536609226,0.00219513732008636,0.0023459482472389936
held_out_algorithmic,release,42,ep0046,scn0016,103,7,"[0,6,52,64,77,89,102]",96,0.9320388349514563,2.0505524768183627,0.19376519321948674,0.005596560891717672,0.006004642695188522
held_out_algorithmic,release,43,ep0046,scn0024,280,8,"[0,19,27,51,80,86,233,279]",272,0.9714285714285714,0.3100191742129676,0.4882903253468002,0.00455116480588913,0.004685022868216038
held_out_algorithmic,release,44,ep0047,scn0036,138,19,"[0,2,7,11,15,18,23,35,52,64,67,69,74,94,114,120,124,128,137]",119,0.8623188405797102,3.93308922029551,2.149643959768568,0.03377962112426758,0.039173003286123276
held_out_algorithmic,release,45,ep0047,scn0039,115,7,"[0,3,5,9,39,84,114]",108,0.9391304347826087,1.4246087804436685,0.9362307317965317,0.012115486897528172,0.01290074922144413
held_out_algorithmic,release,46,ep0048,scn0018,529,49,"[0,2,8,15,22,26,34,38,44,48,52,56,60,64,68,72,76,80,83,88,92,96,100,103,107,110,117,125,129,135,139,145,331,350,352,354,356,358,360,362,366,369,376,395,431,434,448,487,528]",480,0.9073724007561437,0.7636257665387044,0.5281441113491598,0.004632359370589256,0.005105245858430862
held_out_algorithmic,release,48,ep0051,scn0036,533,37,"[0,48,96,321,326,330,332,335,337,342,352,362,372,382,392,402,412,422,425,427,432,437,442,445,447,450,455,459,464,473,481,486,493,503,513,523,532]",496,0.9305816135084428,2.676591386887389,1.802349904569495,0.009001965634524822,0.009673483669757843
held_out_algorithmic,release,49,ep0openingv2,scn0003b,185,10,"[0,5,17,101,105,114,168,171,177,184]",175,0.9459459459459459,2.5242117852011186,0.6012714348204928,0.007752652280032635,0.008195661008358002
held_out_algorithmic,release,50,ep0pa021,scn0011b,170,17,"[0,21,25,27,53,55,57,61,86,89,109,127,141,154,160,163,169]",153,0.9,4.558611852071575,1.2043154781123975,0.02104567363858223,0.023384081199765205
held_out_algorithmic,release,51,ep0pa022c,scn0008,98,40,"[0,4,6,9,11,14,16,19,21,24,26,29,31,34,36,39,41,44,46,49,51,54,56,59,61,64,66,69,71,74,76,79,81,84,86,89,91,94,96,97]",58,0.5918367346938775,3.6854200257974514,0.2872321203729662,0.011119331233203411,0.01878783293068409
held_out_algorithmic,release,52,ep0pa022e,scn0012,164,32,"[0,2,5,9,12,14,17,19,22,24,27,29,32,34,37,39,42,44,47,49,52,54,57,59,62,64,67,71,74,128,161,163]",132,0.8048780487804879,2.4990779652029813,0.7012591620117911,0.012131883762776852,0.015072946436703205
held_out_algorithmic,release,53,ep0pa022ev2,scn0012,89,6,"[0,5,16,75,77,88]",83,0.9325842696629213,0.6065802251499507,0.012547424797367646,0.0012846686877310276,0.0013775363331660628
held_out_algorithmic,release,54,ep0pa022k,scn0020,40,7,"[0,21,25,28,34,37,39]",33,0.825,1.2036950416035122,0.04654679445568331,0.004943943116813898,0.00599265843629837
held_out_algorithmic,release,55,ep0pa022k,scn0031b,425,5,"[0,237,284,289,424]",420,0.9882352941176471,1.5325616319602895,0.3595347441446712,0.0028854289557784796,0.0029197796247899532
held_out_algorithmic,release,56,ep0pa022t,scn0026,367,50,"[0,8,61,85,90,95,98,102,107,111,116,120,125,129,134,138,143,147,152,156,161,165,170,174,179,183,188,192,197,201,206,210,216,220,226,234,240,259,264,266,270,274,277,284,296,308,320,332,356,366]",317,0.8637602179836512,4.4224851798355935,1.0110276980731474,0.013505118899047375,0.015635263174772263
held_out_algorithmic,release,57,ep0pa038,scn0006,302,8,"[0,122,124,126,178,219,287,301]",294,0.9735099337748344,0.8920880297634315,0.5610800006544112,0.005626029800623655,0.005779119674116373
held_out_algorithmic,release,58,ep0pa039,scn0001,795,33,"[0,496,503,506,511,514,519,523,528,582,630,633,637,640,644,647,651,654,658,661,665,668,672,675,679,682,686,689,691,695,698,703,794]",762,0.9584905660377359,0.8967212019510765,1.5168733777211403,0.005126073956489563,0.0053480700589716434
held_out_algorithmic,release,59,ep0pa039,scn0032,84,6,"[0,39,43,46,49,83]",78,0.9285714285714286,0.9669526994905688,0.8216847869704091,0.009441625326871872,0.010167904198169708
held_out_algorithmic,release,60,ep0pa040,scn0011,222,7,"[0,10,14,59,95,112,221]",215,0.9684684684684685,0.576828364561833,0.14653259143560549,0.0021427127066999674,0.002212475286796689
held_out_algorithmic,release,61,ep0pa040,scn0028,402,61,"[0,11,26,59,82,109,134,154,160,165,203,207,211,215,219,223,227,232,235,239,243,248,251,255,259,263,267,271,275,279,283,287,291,295,299,303,307,311,315,319,323,327,331,335,339,343,347,351,355,359,363,367,371,375,379,383,387,391,395,397,401]",341,0.8482587064676617,2.445155879789701,1.3133136362978501,0.01065763272345066,0.012564129196107388
held_out_algorithmic,release,62,ep0pa057,scn0021,152,10,"[0,32,39,62,69,80,83,90,150,151]",142,0.9342105263157895,2.5214740893337875,2.2450552239700015,0.012463143095374107,0.013340828940272331
held_out_algorithmic,release,63,ep0pa063,scn0047,62,5,"[0,23,28,45,61]",57,0.9193548387096774,0.8818490610672878,0.27099150888171153,0.0046228826977312565,0.005028398707509041
held_out_algorithmic,release,64,ep0pa064,scn0036,260,30,"[0,18,47,67,77,85,88,90,93,95,98,102,105,109,120,127,131,151,157,180,182,186,188,191,194,199,202,212,218,259]",230,0.8846153846153846,2.047846724796626,0.9325585803074942,0.012092635966837406,0.013669936917722225
held_out_algorithmic,release,65,ep0pa064,scn0039,21,4,"[0,6,14,20]",17,0.8095238095238095,0.476618031606726,0.2554071692115553,0.016297556459903717,0.02013227716088295
held_out_algorithmic,release,66,ep0pa065,scn0061,80,4,"[0,24,67,79]",76,0.95,0.5349346679158327,0.02190882667835454,0.0021928700152784586,0.0023082843981683254
held_out_algorithmic,release,67,ep0pa067,scn0024,232,22,"[0,17,20,26,49,55,59,95,138,160,172,178,180,182,185,187,190,192,195,197,201,231]",210,0.9051724137931034,1.5655098714577478,0.7034910952308701,0.0055510131642222404,0.006132547743618488
held_out_algorithmic,release,68,ep0pa067,scn0043,211,29,"[0,3,6,8,11,14,18,21,26,69,72,114,169,173,175,178,180,183,185,188,190,193,195,198,200,203,205,208,210]",182,0.8625592417061612,2.1744059284194175,0.628031568298625,0.011143185198307037,0.012918748892843723
held_out_algorithmic,release,69,ep0pa067,scn0098,72,18,"[0,5,8,13,16,21,24,29,32,37,40,45,48,53,56,58,60,71]",54,0.75,5.976007748733867,0.4520953873111681,0.01683284342288971,0.02244379185140133
held_out_algorithmic,release,70,ep0pa071,scn0001,187,24,"[0,10,28,51,62,69,93,96,102,106,111,115,120,123,128,131,137,140,146,151,163,170,176,186]",163,0.8716577540106952,1.9311028180296341,0.33918214352633724,0.009893931448459625,0.011350707150995731
held_out_algorithmic,release,71,ep0pa071,scn0004,160,31,"[0,6,11,15,21,26,32,36,42,47,53,57,63,68,73,78,84,90,94,99,104,109,115,119,125,130,135,140,144,150,159]",129,0.80625,2.1541763424242615,0.8668649339604528,0.01181364618241787,0.014652584679424763
held_out_algorithmic,release,72,ep0pa072,scn0014,146,10,"[0,3,5,10,12,18,43,82,86,145]",136,0.9315068493150684,1.7735911811544718,1.0110917114143632,0.012102676555514336,0.01299257855862379
held_out_algorithmic,release,73,ep0pa073,scn0001,162,25,"[0,10,16,21,30,36,41,50,56,61,70,76,81,90,96,101,110,116,121,130,136,141,150,156,161]",137,0.845679012345679,0.7440474858155122,0.07367923176864859,0.00476135453209281,0.005630214232951403
held_out_algorithmic,release,74,ep0pa073,scn0026,66,11,"[0,10,16,21,30,36,41,50,56,61,65]",55,0.8333333333333334,0.7565562423070272,0.03032973648103593,0.004609277006238699,0.005531132221221924
held_out_algorithmic,release,75,ep0pa082,scn0010,124,8,"[0,46,50,52,57,60,63,123]",116,0.9354838709677419,1.1470709223013658,0.1041136141103914,0.00329683069139719,0.003524198429659009
held_out_algorithmic,release,76,ep0pa084,scn0011,155,4,"[0,25,65,154]",151,0.9741935483870968,1.367435327760733,1.1399662672186157,0.0069873458705842495,0.0071724411100149155
held_out_algorithmic,release,77,ep0pa087,scn0016,282,21,"[0,34,42,86,124,163,173,176,183,193,195,203,213,216,223,231,241,251,261,271,281]",261,0.925531914893617,1.1437411671411555,0.2626001281332901,0.0043813325464725494,0.0047338539734482765
held_out_algorithmic,release,78,ep0pa091,scn0002,429,76,"[0,34,40,42,47,51,55,60,66,69,71,75,77,79,84,89,92,94,98,101,105,111,116,118,121,125,128,136,139,143,146,150,153,156,158,163,169,172,174,178,181,203,226,250,253,257,260,264,267,270,272,277,283,285,288,292,295,320,328,339,356,359,363,366,370,373,376,378,384,391,394,399,405,412,414,428]",353,0.8228438228438228,2.036095784616029,1.7548358403072148,0.024215463548898697,0.029428992420434952
held_out_algorithmic,release,79,ep0pa091,scn0004,47,6,"[0,8,27,35,37,46]",41,0.8723404255319149,2.2469419461181936,0.07458067343647622,0.008569551631808281,0.009823632426559925
held_out_algorithmic,release,80,ep0pa091,scn0015,90,13,"[0,3,9,13,20,25,31,35,42,47,53,56,89]",77,0.8555555555555555,10.535200317307273,3.2054163579711155,0.06733961403369904,0.07870864123106003
held_out_algorithmic,release,81,ep0pa092,scn0011,102,16,"[0,9,14,20,27,36,41,47,54,63,68,74,81,90,95,101]",86,0.8431372549019608,13.861216725974247,8.855651968939892,0.06548301130533218,0.07766589522361755
held_out_algorithmic,release,82,ep0pa095,scn0023,182,25,"[0,4,12,27,36,47,53,58,60,65,67,69,99,105,126,129,133,137,141,145,149,159,165,167,181]",157,0.8626373626373627,1.0681738375527103,0.35951076845085295,0.005102323368191719,0.005914795212447643
held_out_algorithmic,release,83,ep0pa096,scn0015,75,9,"[0,5,7,10,14,46,49,56,74]",66,0.88,1.3366296058747826,0.049241614802694234,0.0037083097267895937,0.0042139883153140545
held_out_algorithmic,release,84,ep0pa097,scn0001,425,20,"[0,137,140,143,150,157,164,171,178,182,189,324,345,347,354,398,401,411,416,424]",405,0.9529411764705882,0.8197829299028248,0.8192606357135817,0.005677225533872843,0.005957582499831915
held_out_algorithmic,release,85,ep0pa098,scn0001,192,10,"[0,53,59,86,111,131,157,161,189,191]",182,0.9479166666666666,0.8339543369412422,0.6149547759006943,0.004679561592638493,0.004936680197715759
held_out_algorithmic,release,86,ep0pa098,scn0038,205,10,"[0,35,42,52,64,74,83,90,125,204]",195,0.9512195121951219,1.900404864913421,0.7687711593451861,0.007841398939490318,0.008243521675467491
held_out_algorithmic,release,87,ep0pa098,scn0072,54,5,"[0,9,14,22,53]",49,0.9074074074074074,0.6770105476638204,0.4329126583628216,0.005173542536795139,0.005701454356312752
held_out_algorithmic,release,88,ep0pa099,scn0026,198,11,"[0,26,33,39,45,48,54,112,125,181,197]",187,0.9444444444444444,0.23445445257756445,0.24117424325717005,0.0019402684411033988,0.002054401906207204
held_out_algorithmic,release,89,ep0pa099,scn0058,151,6,"[0,21,28,61,138,150]",145,0.9602649006622517,0.7222456652310587,0.01434391482902605,0.0015441172290593386,0.001608011545613408
held_out_algorithmic,release,90,ep0pa099,scn0062,84,4,"[0,12,35,83]",80,0.9523809523809523,0.6865267199139262,0.4021303292282974,0.0063964566215872765,0.006716280709952116
held_out_algorithmic,release,91,ep0pa101,scn0053,78,12,"[0,4,11,16,27,32,42,47,57,62,72,77]",66,0.8461538461538461,0.9144929321482778,0.04377371591269693,0.00774399284273386,0.009151991456747055
held_out_algorithmic,release,92,ep0pa101,scn0056,56,11,"[0,7,11,18,23,29,33,40,45,51,55]",45,0.8035714285714286,17.16118489778959,6.6342594477938945,0.0824550911784172,0.10261079668998718
held_out_algorithmic,release,93,ep0pa102v2,scn0011,83,4,"[0,12,23,82]",79,0.9518072289156626,0.3199477978488978,0.22119186544960556,0.001841055927798152,0.001934274099767208
held_out_algorithmic,release,94,ep0pa103,scn0020,88,15,"[0,10,22,25,28,30,32,34,38,40,44,63,68,72,87]",73,0.8295454545454546,2.6180460799928054,2.225957098723032,0.013088058680295944,0.015777386724948883
held_out_algorithmic,release,95,ep0pa103,scn0034,92,4,"[0,50,52,91]",88,0.9565217391304348,0.004039738693849203,0.004373765128581602,3.7182635423960164e-05,3.8872753066243604e-05
held_out_algorithmic,release,96,ep0pa105,scn0007,73,5,"[0,30,52,56,72]",68,0.9315068493150684,0.908599339033428,0.30818554994897895,0.006172852125018835,0.006626739166676998
held_out_algorithmic,release,97,ep0pa106,scn0033,109,6,"[0,7,18,87,91,108]",103,0.944954128440367,1.2040028445488584,0.22354320922082246,0.00687375757843256,0.0072741699405014515
held_out_algorithmic,release,98,ep0pa106,scn0048,173,5,"[0,24,56,138,172]",168,0.9710982658959537,0.9648690436204727,0.1760930900521141,0.0033775707706809044,0.003478093771263957
held_out_algorithmic,release,99,ep0pa110,scn0040,161,8,"[0,14,20,68,102,120,149,160]",153,0.9503105590062112,0.9100010258530429,1.0944473712196288,0.00722473906353116,0.007602503523230553
held_out_algorithmic,release,100,ep0pa110,scn0087,209,27,"[0,24,28,33,35,41,43,46,74,78,81,87,91,98,108,115,125,132,141,150,159,168,177,186,192,196,208]",182,0.8708133971291866,3.080057709493762,0.5194602716855191,0.009141595102846622,0.010497765615582466
held_out_algorithmic,release,102,ep0pa115,scn0022,20,4,"[0,5,10,19]",16,0.8,0.2351990525018085,0.0021181745035469286,0.0015012567164376378,0.0018765708664432168
held_out_algorithmic,release,103,ep0pa117,scn0060,102,15,"[0,30,35,65,72,77,81,83,86,88,91,93,96,98,101]",87,0.8529411764705882,3.1460193409867907,0.9800666426101472,0.021788597106933594,0.025545252487063408
held_out_algorithmic,release,104,ep0pa123,scn0008,48,8,"[0,3,6,10,14,21,25,47]",40,0.8333333333333334,1.3457342931931768,0.2947921958870043,0.02790996991097927,0.033491965383291245
held_out_algorithmic,release,105,ep0pa125,scn0016,51,12,"[0,2,7,12,17,22,27,32,37,42,47,50]",39,0.7647058823529411,9.919493706499944,0.5473588943133091,0.027516121044754982,0.03598261997103691
held_out_algorithmic,release,106,ep0pa125,scn0018,79,11,"[0,2,7,12,17,22,25,30,39,68,78]",68,0.8607594936708861,5.122664778324014,0.9925697973553731,0.021952791139483452,0.0255039781332016
held_out_algorithmic,release,107,ep0pa126,scn0001,153,15,"[0,14,18,20,24,28,33,82,84,88,92,97,146,148,152]",138,0.9019607843137255,1.626568693353469,0.20570503676180488,0.006369985174387693,0.007062375079840422
held_out_algorithmic,release,108,ep0pa126,scn0014,42,4,"[0,6,20,41]",38,0.9047619047619048,0.4507888751104474,0.2010798750524124,0.007538340520113707,0.008331849239766598
held_out_algorithmic,release,109,ep0pa129,scn0010,62,4,"[0,24,35,61]",58,0.9354838709677419,0.42461372748948634,0.5798262591041554,0.009561138227581978,0.010220526717603207
held_out_algorithmic,release,110,ep0pa129,scn0014,239,11,"[0,5,18,108,114,160,162,175,224,226,238]",228,0.9539748953974896,0.7541918713306528,0.34237864775584687,0.0029386342503130436,0.003080410649999976
held_out_algorithmic,release,111,ep0pa136,scn0002,187,18,"[0,24,28,47,52,55,83,101,141,148,165,171,174,176,178,181,184,186]",169,0.9037433155080213,2.6092488510268077,0.6129058274056717,0.012806737795472145,0.014170768670737743
held_out_algorithmic,release,112,ep0pa136,scn0021,38,10,"[0,4,9,13,18,22,27,31,36,37]",28,0.7368421052631579,1.13207615458447,0.04915677997001341,0.006333623081445694,0.008595631457865238
held_out_algorithmic,release,113,ep0pa143,scn0005,67,3,"[0,23,66]",64,0.9552238805970149,1.2758276322308708,0.2059156091008392,0.004050093702971935,0.004239941947162151
held_out_algorithmic,release,115,ep0pa145,scn0001,418,27,"[0,313,316,319,321,324,326,329,331,334,336,339,341,344,346,349,351,354,356,359,361,364,366,369,371,373,417]",391,0.9354066985645934,1.0134216757495436,0.28351514036960007,0.0026551212649792433,0.0028384672477841377
held_out_algorithmic,release,116,ep0pa145,scn0055,56,16,"[0,12,23,25,27,30,32,35,37,40,42,45,47,50,52,55]",40,0.7142857142857143,3.7294397005013056,0.38742193460388136,0.0129025774076581,0.018063606694340706
held_out_algorithmic,release,117,ep0pa147,scn0013,280,12,"[0,123,149,156,161,191,194,196,201,221,223,279]",268,0.9571428571428572,0.5145689572882036,0.30284828700120003,0.0020528240129351616,0.002144741825759411
held_out_algorithmic,release,118,ep0pa148,scn0010,87,5,"[0,56,63,67,86]",82,0.9425287356321839,0.1596926642788781,0.11856831499308373,0.002335131401196122,0.0024775175843387842
held_out_algorithmic,release,119,ep0pa148,scn0016,58,4,"[0,24,55,57]",54,0.9310344827586207,0.7447863866885504,0.11194228042445394,0.0017485258867964149,0.0018780464306473732
held_out_algorithmic,release,120,ep0pa148,scn0066,149,3,"[0,27,148]",146,0.9798657718120806,0.5553053807715574,0.024070327472803875,0.000937982345931232,0.0009572559501975775
held_out_algorithmic,release,121,ep0pa148,scn0076,439,62,"[0,6,14,27,33,39,47,59,66,72,83,93,99,105,116,126,132,138,149,159,165,171,182,192,198,204,215,225,231,237,248,258,264,270,281,291,297,303,314,325,331,337,341,347,351,357,361,367,371,377,381,387,391,397,401,407,411,417,421,427,432,438]",377,0.8587699316628702,2.516311316308612,3.6511664656079863,0.013160105794668198,0.0153243662789464
held_out_algorithmic,release,123,ep0pa150,scn0044,92,5,"[0,23,33,65,91]",87,0.9456521739130435,0.42336790342079966,0.015773660079350407,0.001273451722227037,0.0013466384261846542
held_out_algorithmic,release,124,ep0pa152,scn0011,136,10,"[0,12,19,23,46,50,110,116,124,135]",126,0.9264705882352942,1.5058186556367825,0.16324134185433584,0.004503329750150442,0.004860736895352602
held_out_algorithmic,release,125,ep0pa152,scn0025,89,4,"[0,6,22,88]",85,0.9550561797752809,0.17891873370160113,0.08950037725848961,0.0016527378465980291,0.0017305136425420642
held_out_algorithmic,release,128,ep0pa157,scn0011,126,37,"[0,4,8,11,15,18,22,25,29,31,34,40,43,45,48,51,55,58,62,65,69,72,76,79,83,86,90,93,97,100,104,107,111,114,118,121,125]",89,0.7063492063492064,1.5665813673357045,0.8443032222295608,0.009981934912502766,0.014131729491055012
held_out_algorithmic,release,129,ep0pa159,scn0056,99,4,"[0,7,14,98]",95,0.9595959595959596,0.2844898233393041,0.03696528232397186,0.0011413254542276263,0.0011893812334164977
held_out_algorithmic,release,130,ep0pa160,scn0005,99,7,"[0,2,7,47,73,88,98]",92,0.9292929292929293,7.2336198773879845,0.9376829311653314,0.02388925850391388,0.02570691891014576
held_out_algorithmic,release,131,ep0pa160,scn0010,60,5,"[0,27,47,51,59]",55,0.9166666666666666,0.21893577265834052,0.00940019100436827,0.0005134705570526421,0.0005601497832685709
held_out_algorithmic,release,132,ep0pa160,scn0043,60,5,"[0,34,40,49,59]",55,0.9166666666666666,0.7655888739086333,0.2069268383914764,0.005282588768750429,0.005762824788689613
held_out_algorithmic,release,133,ep0pa165,scn0013,180,26,"[0,11,20,88,91,93,96,100,105,109,114,118,123,127,132,136,141,145,150,154,159,163,168,172,177,179]",154,0.8555555555555555,0.6941481726061479,0.29380781050591265,0.0026038128416985273,0.0030434175860136747
held_out_algorithmic,release,134,ep0pa166,scn0003,182,16,"[0,2,8,10,15,19,21,64,67,100,103,106,109,112,114,181]",166,0.9120879120879121,1.8646809993197724,0.381253301563364,0.011259992606937885,0.01234529446810484
held_out_algorithmic,release,135,ep0pa168,scn0025,50,3,"[0,8,49]",47,0.94,0.013652970977858002,0.0012825673461131935,5.919061368331313e-05,6.296874198596925e-05
held_out_algorithmic,release,136,ep0pa170,scn0026,58,8,"[0,19,30,32,40,47,50,57]",50,0.8620689655172413,1.2633456752228085,0.26139704799412766,0.009392499923706055,0.010895299725234509
held_out_algorithmic,release,137,ep0pa173,scn0012,434,9,"[0,36,63,78,132,147,369,381,433]",425,0.9792626728110599,0.7092712463435132,0.45651694669568144,0.008526971563696861,0.008707543835043907
held_out_algorithmic,release,138,ep0pa173,scn0014,92,5,"[0,20,43,50,91]",87,0.9456521739130435,0.7337430953979492,0.26460897586543153,0.00482226861640811,0.0050994111225008965
held_out_algorithmic,release,139,ep0pa178,scn0007,75,5,"[0,19,37,57,74]",70,0.9333333333333333,1.339387331253443,1.94934984280189,0.02915555238723755,0.031238092109560966
held_out_algorithmic,release,140,ep0pa179,scn0005,192,9,"[0,35,37,40,47,80,120,178,191]",183,0.953125,0.38043686429310086,0.37667578632484033,0.00606326200067997,0.006361453793942928
held_out_algorithmic,release,141,ep0pa181,scn0005,140,9,"[0,8,23,39,50,79,109,113,139]",131,0.9357142857142857,0.9556556567042863,0.5914411177513529,0.01255666371434927,0.013419335708022118
held_out_algorithmic,release,142,ep0pa188,scn0008,198,6,"[0,43,99,135,140,197]",192,0.9696969696969697,0.6529699342675729,1.4560443952305224,0.009973958134651184,0.010285642929375172
held_out_algorithmic,release,143,ep0pa189,scn0001,152,19,"[0,10,17,28,35,46,53,64,71,80,89,98,107,118,122,127,136,145,151]",133,0.875,5.240184665431638,0.4447172598380218,0.013070609420537949,0.014937839470803738
held_out_algorithmic,release,144,ep0pa189,scn0014,157,8,"[0,17,20,26,33,40,128,156]",149,0.9490445859872612,0.12274286642304959,0.38721146895877556,0.00240820343606174,0.0025375031400471926
held_out_algorithmic,release,145,ep0pa189,scn0020,36,5,"[0,10,19,24,35]",31,0.8611111111111112,0.14025642321659967,0.009960918506897879,0.0015245162649080157,0.0017704057972878218
held_out_algorithmic,release,146,ep0pa194,scn0016,265,36,"[0,53,57,60,63,65,77,93,99,104,111,114,116,125,127,142,146,150,158,171,176,199,203,207,211,215,219,223,226,230,234,238,242,246,250,264]",229,0.8641509433962264,4.007894374405261,1.9220864490344753,0.02368595078587532,0.02740950509905815
held_out_algorithmic,release,147,ep0pa194,scn0029,530,26,"[0,113,116,119,121,124,126,129,131,134,136,139,141,144,146,149,152,157,201,205,227,264,283,309,433,529]",504,0.9509433962264151,0.7850074493712897,1.0594918013726466,0.004471092019230127,0.004701743833720684
held_out_algorithmic,release,148,ep0pa196,scn0034,68,5,"[0,22,36,43,67]",63,0.9264705882352942,4.715651846477683,1.3031907906924856,0.03121371753513813,0.03369099646806717
held_out_algorithmic,release,149,ep0pa198,scn0003,244,4,"[0,3,161,243]",240,0.9836065573770492,0.3921437345869173,0.015145086668856464,0.000992095097899437,0.001008629915304482
held_out_algorithmic,release,150,ep0pa199,scn0056,55,8,"[0,5,26,40,43,50,52,54]",47,0.8545454545454545,2.263429102350454,0.2237840046854347,0.009757725521922112,0.011418615467846394
held_out_algorithmic,release,151,ep0pa202,scn0013,88,5,"[0,52,59,64,87]",83,0.9431818181818182,0.352908594922705,0.01976669168696173,0.0015260439831763506,0.0016179743688553572
held_out_algorithmic,release,152,ep0pa205,scn0009,197,40,"[0,2,5,11,14,20,23,29,32,38,41,47,50,56,59,65,68,74,77,83,86,92,95,101,104,110,113,119,122,128,131,137,140,146,149,155,158,165,170,196]",157,0.7969543147208121,8.060434714784014,1.737255986655314,0.023717667907476425,0.02976038306951523
held_out_algorithmic,release,153,ep0pa206,scn0013,1063,64,"[0,21,31,52,105,121,123,129,136,141,145,150,154,158,164,171,175,179,181,186,190,194,198,200,202,206,210,214,223,261,298,343,352,356,360,364,497,499,562,567,574,577,583,627,665,676,707,747,768,775,787,792,800,854,868,888,919,929,952,960,970,1033,1037,1062]",999,0.9397930385700847,2.443270902209812,4.128546228125998,0.013355209492146969,0.014210797846317291
held_out_algorithmic,release,154,ep0pa206,scn0014,309,12,"[0,38,116,124,128,134,139,141,143,147,151,308]",297,0.9611650485436893,0.927572881586873,0.45280503653336013,0.003843143815174699,0.003998422529548407
held_out_algorithmic,release,155,ep0pa206,scn0026,208,14,"[0,83,85,88,91,114,161,169,171,173,176,193,204,207]",194,0.9326923076923077,0.2663125555962324,0.14746839561641234,0.0020089985337108374,0.0021539777517318726
held_out_algorithmic,release,157,ep0pa207,scn0024,62,9,"[0,4,8,18,25,31,38,52,61]",53,0.8548387096774194,2.2111713342044665,0.27430639250258027,0.013210166245698929,0.015453402884304523
held_out_algorithmic,release,158,ep0pa207,scn0059,368,16,"[0,6,14,20,41,44,46,56,65,68,80,86,221,238,268,367]",352,0.9565217391304348,2.055256496315227,1.8244377154352232,0.009051093831658363,0.0094625074416399
held_out_algorithmic,release,159,ep0pa208,scn0002,603,28,"[0,4,7,19,117,121,128,177,183,204,213,217,225,229,238,244,253,256,258,261,263,266,270,272,274,276,280,602]",575,0.9535655058043118,0.8158864942460731,1.8663863904846403,0.004862879868596792,0.005099680740386248
held_out_algorithmic,release,160,ep0pa211,scn0017,66,10,"[0,2,7,11,44,47,55,58,63,65]",56,0.8484848484848485,1.6689088233192828,0.1633479721815563,0.009092711843550205,0.010716410353779793
held_out_algorithmic,release,161,ep0pa211,scn0026,502,26,"[0,2,9,14,18,23,26,28,33,36,38,41,43,46,48,51,53,56,58,61,66,183,264,319,324,501]",476,0.9482071713147411,3.8097855502574887,2.297435193462715,0.013043608516454697,0.01375607494264841
held_out_algorithmic,release,162,ep0pa212,scn0014,708,48,"[0,15,21,37,47,51,92,95,103,113,123,129,143,153,163,173,183,188,192,218,295,309,318,328,345,360,378,382,385,389,392,399,403,406,413,417,420,427,431,439,443,463,496,532,590,635,688,707]",660,0.9322033898305084,1.0748660199699889,1.1030098555431622,0.009060918353497982,0.009719893336296082
held_out_algorithmic,release,163,ep0pa212,scn0015,75,5,"[0,13,16,22,74]",70,0.9333333333333333,0.659012367328008,0.03265802097015609,0.0012085845228284597,0.0012949120718985796
held_out_algorithmic,release,164,ep0pa212,scn0023,34,4,"[0,15,31,33]",30,0.8823529411764706,1.300017745544513,0.005018373743157465,0.0027836118824779987,0.003154759993776679
held_out_algorithmic,release,165,ep0pa212,scn0033,260,10,"[0,4,8,21,45,74,116,166,240,259]",250,0.9615384615384616,0.36502721499818475,0.24428601015104,0.004035444930195808,0.004196862690150738
held_out_algorithmic,release,166,ep0pa212,scn0054,145,10,"[0,1,8,12,17,21,24,106,132,144]",135,0.9310344827586207,2.6374709083412595,0.5510301704306981,0.011121990159153938,0.011945840902626514
held_out_algorithmic,release,167,ep0pa212,scn0059,130,7,"[0,8,12,28,103,124,129]",123,0.9461538461538461,0.05846234406861994,0.15069913398603035,0.004087261389940977,0.004319869913160801
held_out_algorithmic,release,168,ep0pa213,scn0024,57,4,"[0,29,37,56]",53,0.9298245614035088,0.2991791502651522,0.027397777323532015,0.0014058633241802454,0.0015119659947231412
held_out_algorithmic,release,169,ep0pa221,scn0008,115,22,"[0,14,22,42,47,51,55,59,63,67,71,75,79,83,87,91,95,99,103,107,111,114]",93,0.808695652173913,2.697927589604148,0.2765070163850398,0.009019712917506695,0.011153408326208591
held_out_algorithmic,release,170,ep0pa225,scn0009,299,40,"[0,3,7,9,31,36,39,45,49,55,59,70,72,75,81,85,91,95,122,154,170,173,176,179,185,188,194,197,206,215,224,233,242,251,260,269,276,280,283,298]",259,0.8662207357859532,5.572194395194422,1.3185271353012362,0.018442995846271515,0.02129133604466915
held_out_algorithmic,release,171,ep0pa228,scn0007,69,6,"[0,3,15,23,63,68]",63,0.9130434782608695,0.2709480985259152,0.22845788710705353,0.004798891954123974,0.005255929194390774
held_out_algorithmic,release,172,ep0pa228,scn0017,98,13,"[0,8,14,28,41,54,61,63,65,67,69,73,97]",85,0.8673469387755102,0.7786265539449699,0.28985990669881057,0.0036055739037692547,0.004157014191150665
held_out_algorithmic,release,173,ep0pa228,scn0025,142,11,"[0,72,79,92,98,106,108,111,114,118,141]",131,0.9225352112676056,0.6688461172462299,0.3957618907728561,0.006201307289302349,0.006722027901560068
held_out_algorithmic,release,174,ep0pa235,scn0009,191,31,"[0,10,25,56,94,97,99,105,108,111,117,120,123,129,132,135,141,144,147,153,156,159,165,168,171,177,180,183,187,189,190]",160,0.837696335078534,0.7410476841286502,0.28036523229462723,0.004332075826823711,0.005171415861696005
held_out_algorithmic,release,175,ep0pa239,scn0004e,166,16,"[0,6,18,30,42,54,66,78,90,102,114,126,138,150,162,165]",150,0.9036144578313253,0.38684515226632354,0.032142028927446414,0.006792773026973009,0.007517335005104542
held_out_algorithmic,release,176,ep0pa240,scn0012,107,6,"[0,13,17,23,83,106]",101,0.9439252336448598,0.21742864919675364,0.38500346720679246,0.0032251905649900436,0.0034167857374995947
held_out_algorithmic,release,177,ep0pa241,scn0044,210,10,"[0,24,26,52,73,89,115,146,186,209]",200,0.9523809523809523,0.0581933367194249,0.025564717295247612,0.0008826829143799841,0.0009268170688301325
held_out_algorithmic,release,179,ep0pr198,scn0009,100,20,"[0,4,7,10,13,16,19,22,24,26,29,74,77,80,83,86,89,92,95,99]",80,0.8,4.880990874401088,0.5595700317388852,0.021401727572083473,0.026752158999443054
held_out_algorithmic,release,180,ep0pr203,scn0005,150,3,"[0,71,149]",147,0.98,2.426600544657928,0.3534403096140943,0.004106541629880667,0.00419034855440259
held_out_algorithmic,release,181,ep0pr219,scn0005,36,7,"[0,7,13,21,28,34,35]",29,0.8055555555555556,1.0934286233855457,0.02091989285229863,0.004193445201963186,0.005205655470490456
held_out_algorithmic,release,182,ep0pr232,scn0001,75,5,"[0,27,39,47,74]",70,0.9333333333333333,1.206951923859425,0.04144694225534249,0.003092746948823333,0.0033136571291834116
held_out_algorithmic,release,183,ep0pr244,scn0002,106,24,"[0,16,21,24,28,33,53,56,58,60,65,71,74,77,79,84,86,89,91,94,96,99,101,105]",82,0.7735849056603774,1.79502613900695,0.41763484581077986,0.011512566357851028,0.014882097952067852
held_out_algorithmic,release,184,ep0pr244,scn0003,151,33,"[0,3,9,11,14,16,20,23,25,28,30,33,38,42,49,55,58,68,80,85,103,105,108,110,113,115,118,120,123,125,128,131,150]",118,0.7814569536423841,3.062130645408735,0.5428814003199883,0.012881106697022915,0.016483450308442116
held_out_algorithmic,release,185,ep0pr251,scn0004,202,14,"[0,3,6,8,11,13,16,18,22,24,26,30,32,201]",188,0.9306930693069307,0.9620460241893741,0.6018988325706657,0.005070903338491917,0.005448523908853531
held_out_algorithmic,release,186,ep0pr253,scn0032,75,15,"[0,4,6,9,11,14,16,19,21,25,29,50,54,61,74]",60,0.8,3.3004298895089463,0.7977455554405412,0.019049419090151787,0.02381177432835102
held_out_algorithmic,release,187,ep0pr253,scn0033,150,14,"[0,90,95,100,104,109,112,116,120,122,125,128,135,149]",136,0.9066666666666666,0.9937831058546349,0.24824488681231424,0.004194791428744793,0.004626607988029718
held_out_algorithmic,release,188,ep0pr254,scn0001,202,22,"[0,3,8,15,22,29,36,43,50,57,64,71,78,85,94,101,105,108,141,145,184,201]",180,0.8910891089108911,3.664870858796545,0.9377071640300824,0.013964613899588585,0.015671398490667343
held_out_algorithmic,release,189,ep0pr255animales,scn0024,121,3,"[0,21,120]",118,0.9752066115702479,0.31635319356058467,0.005654981909185744,0.0005352023872546852,0.000548809242900461
held_out_algorithmic,release,190,ep0pr255geometricas,scn0042,62,4,"[0,42,52,61]",58,0.9354838709677419,0.2250266820192337,0.007216307928647382,0.000707378436345607,0.0007561632082797587
held_out_algorithmic,release,191,ep0pr262alienscolores,scn0004,99,12,"[0,36,38,42,45,78,81,87,90,92,95,98]",87,0.8787878787878788,2.268944799626639,0.6384481077906692,0.011171265505254269,0.012712129391729832
held_out_algorithmic,release,192,ep0pr262alienscolores,scn0015,223,17,"[0,9,13,21,25,27,30,33,85,89,92,95,131,135,139,142,222]",206,0.9237668161434978,1.8375600496886157,0.999785380093585,0.010652299970388412,0.011531372554600239
held_out_algorithmic,release,193,ep0pr262numeros,scn0034,101,14,"[0,5,9,18,27,36,45,54,63,72,81,90,99,100]",87,0.8613861386138614,0.11076310606656876,0.0013375648349109623,0.00024446967290714383,0.0002838096406776458
held_out_algorithmic,release,194,ep0pr262pollitos,scn0009,95,12,"[0,5,9,17,21,23,26,29,68,72,75,94]",83,0.8736842105263158,3.07187316217238,0.8175613383382029,0.016275804489850998,0.018628932535648346
held_out_algorithmic,release,195,ep0pr263,scn0035,225,90,"[0,4,6,9,11,14,16,19,21,24,26,29,31,34,36,39,41,44,46,49,51,54,56,59,61,64,66,69,71,74,76,79,81,84,86,89,91,94,96,99,101,104,106,109,111,114,116,119,121,124,126,129,131,134,136,139,141,144,146,149,151,154,156,159,161,164,166,169,171,174,176,179,181,184,186,189,191,194,196,199,201,204,206,209,211,214,216,219,221,224]",135,0.6,4.6056080885207695,0.8532214592595506,0.014851109124720097,0.024751847609877586
held_out_algorithmic,release,197,ep0pr266huevos,scn0013,139,26,"[0,7,11,18,23,30,34,41,46,53,57,64,69,76,80,87,92,98,102,109,114,120,124,131,136,138]",113,0.8129496402877698,17.110100202033856,13.691942768895418,0.0843067541718483,0.10370476543903351
held_out_algorithmic,release,198,ep0se254a,scn0010,219,7,"[0,28,40,77,82,93,218]",212,0.9680365296803652,0.29265982870544704,0.13888500196545506,0.0019602805841714144,0.002025006804615259
held_out_algorithmic,release,199,ep0vdg001,scn0003,131,15,"[0,22,28,31,36,40,45,55,69,72,97,116,124,128,130]",116,0.8854961832061069,1.490120461469309,0.4631468394814159,0.008487218990921974,0.009584704414010048
held_out_algorithmic,release,200,ep0vdg009,scn0001,136,10,"[0,34,40,68,87,91,105,112,131,135]",126,0.9264705882352942,1.9574774475768209,0.5956067785097622,0.011949313804507256,0.012897671200335026
held_out_random,release,0,ep0001,scn0029,132,22,"[0,5,9,26,27,38,67,71,73,77,78,87,90,91,94,95,97,103,107,116,122,131]",110,0.8333333333333334,0.07622484304623581,0.22983727304444163,0.0009226261754520237,0.001107151503674686
held_out_random,release,1,ep0001,scn0034,102,15,"[0,6,13,24,31,39,45,46,55,62,66,74,86,88,101]",87,0.8529411764705882,0.21412458952678287,0.030128947037776427,0.0012324436102062464,0.0014449339359998703
held_out_random,release,2,ep0002,scn0010b,105,13,"[0,5,7,13,18,41,44,45,48,63,74,96,104]",92,0.8761904761904762,0.9399038533206451,0.11989188296759497,0.002138013718649745,0.0024401245173066854
held_out_random,release,3,ep0002,scn0011,242,22,"[0,10,11,18,29,43,54,62,66,71,73,75,103,117,158,163,168,170,176,191,237,241]",220,0.9090909090909091,2.29788554001125,2.1779507367687616,0.005638883914798498,0.006202772259712219
held_out_random,release,4,ep0003,scn0049,42,3,"[0,9,41]",39,0.9285714285714286,12.53022056402162,1.2152546000206859,0.022779002785682678,0.024531235918402672
held_out_random,release,5,ep0005,scn0044,72,7,"[0,5,8,37,47,49,71]",65,0.9027777777777778,5.35198103781342,0.5670273496786716,0.011385227553546429,0.01261132676154375
held_out_random,release,6,ep0007,scn0006,93,15,"[0,3,11,19,21,22,39,41,50,67,68,72,87,91,92]",78,0.8387096774193549,3.0265011588410244,0.9744795106114728,0.008413445204496384,0.010031416080892086
held_out_random,release,7,ep0008,scn0008,56,6,"[0,2,11,24,40,55]",50,0.8928571428571429,4.585809166232745,0.8250135363832671,0.027836794033646584,0.031177205964922905
held_out_random,release,8,ep0009,scn0019,249,17,"[0,2,56,58,66,68,114,125,133,136,171,174,213,220,221,245,248]",232,0.9317269076305221,3.092040921829528,3.2383587915851817,0.022787868976593018,0.024457670748233795
held_out_random,release,9,ep0010,scn0005,197,19,"[0,39,41,46,51,71,74,79,80,83,96,125,141,154,163,166,190,194,196]",178,0.9035532994923858,0.35881050651736346,0.32088789540502755,0.00349752651527524,0.00387085834518075
held_out_random,release,10,ep0010,scn0029,139,21,"[0,3,39,46,74,81,86,88,93,95,100,102,105,108,114,121,123,127,132,135,138]",118,0.8489208633093526,0.40030444748817556,0.13929911974786813,0.00400926498696208,0.004722778685390949
held_out_random,release,11,ep0011,scn0005,138,20,"[0,7,14,25,33,38,46,56,64,68,84,90,95,96,108,113,118,125,127,137]",118,0.855072463768116,0.041531863126856014,0.021943568516247788,0.0003588195831980556,0.0004196364607196301
held_out_random,release,12,ep0011,scn0027,70,8,"[0,1,3,14,26,30,42,69]",62,0.8857142857142857,12.184376898564791,1.1692694432396462,0.031677696853876114,0.0357651449739933
held_out_random,release,13,ep0011,scn0051,281,30,"[0,6,9,12,26,31,32,34,47,53,72,78,90,108,114,116,125,128,142,143,175,185,203,211,219,230,241,271,274,280]",251,0.8932384341637011,0.3134924266012657,0.5718145714419544,0.004266298376023769,0.004776214715093374
held_out_random,release,14,ep0012,scn0012,56,8,"[0,1,3,11,19,47,52,55]",48,0.8571428571428571,0.1832913382189168,0.056347628641063324,0.0009756541112437844,0.0011382631491869688
held_out_random,release,15,ep0013,scn0006,42,6,"[0,16,22,26,28,41]",36,0.8571428571428571,19.28732811951119,1.505546710150186,0.05516373738646507,0.064357690513134
held_out_random,release,16,ep0013,scn0030,246,25,"[0,3,5,7,37,49,67,96,99,107,124,128,131,142,159,160,163,165,169,186,193,198,239,244,245]",221,0.8983739837398373,7.384806593402279,3.057036353963214,0.047142233699560165,0.052475061267614365
held_out_random,release,17,ep0014,scn0013,144,18,"[0,21,28,32,43,71,84,87,94,98,104,107,114,118,122,134,141,143]",126,0.875,1.5663249199016718,0.296880847598555,0.006211420055478811,0.00709876511245966
held_out_random,release,18,ep0014,scn0042,92,10,"[0,25,27,42,58,64,80,81,83,91]",82,0.8913043478260869,9.539443537138869,1.5423740013704252,0.03386688977479935,0.03799700364470482
held_out_random,release,19,ep0017,scn0016,263,22,"[0,4,20,23,24,25,35,38,55,65,78,85,100,115,126,135,137,142,163,221,231,262]",241,0.9163498098859315,0.21814443215533644,0.3471951357140025,0.00125397730153054,0.0013684482546523213
held_out_random,release,20,ep0017,scn0018,68,10,"[0,4,8,43,46,50,52,56,63,67]",58,0.8529411764705882,0.9776808773657601,0.1344622033710142,0.004666505381464958,0.005471075884997845
held_out_random,release,21,ep0017,scn0047,162,17,"[0,8,19,29,38,50,53,67,101,104,108,128,138,156,159,160,161]",145,0.8950617283950617,0.2676654623053168,0.004456970594741325,0.0006163035286590457,0.0006885598413646221
held_out_random,release,22,ep0022,scn0008,140,11,"[0,3,38,45,54,72,84,115,124,132,139]",129,0.9214285714285714,0.12661591941028233,0.2890187707897539,0.0013254841323941946,0.0014385097892954946
held_out_random,release,23,ep0022,scn0011,133,14,"[0,4,20,29,31,48,64,86,92,106,115,121,123,132]",119,0.8947368421052632,0.4683177355419973,0.2919212852898965,0.01020091399550438,0.011401022784411907
held_out_random,release,25,ep0028,scn0014,279,35,"[0,9,24,31,41,47,78,80,81,87,106,110,111,112,119,120,126,140,141,152,160,161,168,190,201,211,215,218,222,231,237,239,275,276,278]",244,0.8745519713261649,2.9581839405246475,2.4082523398978997,0.012267100624740124,0.01402672566473484
held_out_random,release,26,ep0029,scn0045,292,17,"[0,6,11,28,40,44,51,76,99,174,193,232,258,261,280,287,291]",275,0.9417808219178082,3.7629790621133163,2.2570029130454756,0.01758146472275257,0.018668318167328835
held_out_random,release,27,ep0031,scn0020,102,9,"[0,26,54,59,71,78,93,98,101]",93,0.9117647058823529,1.2876636536296355,0.40499201537662755,0.013003501109778881,0.014261904172599316
held_out_random,release,28,ep0031,scn0035,100,13,"[0,16,20,32,36,41,42,60,76,80,89,93,99]",87,0.87,3.807271564001771,1.6774186048213648,0.016572684049606323,0.019049059599637985
held_out_random,release,29,ep0032,scn0017b,780,86,"[0,32,39,42,74,84,105,106,122,132,134,135,138,185,186,197,199,204,209,230,232,238,240,241,246,263,272,290,291,297,298,301,318,325,330,331,350,351,355,360,371,381,401,420,422,433,458,464,465,469,496,499,506,516,525,527,528,530,537,539,549,550,563,569,573,574,586,587,637,643,667,669,684,685,689,699,713,720,723,740,745,755,763,765,778,779]",694,0.8897435897435897,3.356601746245697,3.9709823472744255,0.009089937433600426,0.010216356255114079
held_out_random,release,30,ep0032,scn0022,52,5,"[0,31,36,37,51]",47,0.9038461538461539,0.7155846082351425,1.3374516580641171,0.019291328266263008,0.021343596279621124
held_out_random,release,31,ep0033,scn0045,95,13,"[0,1,11,23,29,42,43,45,69,80,84,89,94]",82,0.8631578947368421,0.23718315318560684,0.12205020285362035,0.001967149553820491,0.0022790145594626665
held_out_random,release,32,ep0035,scn0013,151,19,"[0,3,5,9,11,19,31,35,46,56,64,67,91,92,96,117,138,149,150]",132,0.8741721854304636,0.08823416491005835,0.03143665387405811,0.0006468732608482242,0.0007399839232675731
held_out_random,release,33,ep0035,scn0040,66,6,"[0,17,26,30,59,65]",60,0.9090909090909091,15.411158885700361,1.9212119180042913,0.03713338077068329,0.04084672033786774
held_out_random,release,34,ep0036,scn0039,147,17,"[0,25,40,42,47,53,57,72,88,104,111,121,124,132,137,142,146]",130,0.8843537414965986,2.333040131761888,0.5906169952914063,0.011163318529725075,0.012623135931789875
held_out_random,release,35,ep0036,scn0066,143,18,"[0,15,16,21,27,66,68,74,75,98,107,109,110,119,120,127,139,142]",125,0.8741258741258742,3.4724630408410757,10.640478601881629,0.04005313292145729,0.04582079127430916
held_out_random,release,36,ep0041,scn0001,461,34,"[0,5,20,29,45,53,62,63,98,119,124,133,148,153,159,161,163,177,208,225,240,246,247,275,298,303,346,368,374,383,389,428,438,460]",427,0.9262472885032538,4.2851983457917076,2.31090433949802,0.01313816849142313,0.014184298925101757
held_out_random,release,37,ep0041,scn0003,265,32,"[0,4,24,26,27,67,72,73,83,85,87,91,94,104,112,143,157,160,163,165,171,176,177,179,194,206,231,237,243,252,260,264]",233,0.879245283018868,1.4825842116205654,0.49874059558317047,0.008632932789623737,0.00981857255101204
held_out_random,release,38,ep0041,scn0043,151,16,"[0,7,21,31,34,35,43,46,62,71,86,102,127,139,147,150]",135,0.8940397350993378,4.389717685355043,0.9306198629116804,0.012453364208340645,0.013929316774010658
held_out_random,release,39,ep0042,scn0018,147,15,"[0,10,22,28,45,61,63,68,71,73,78,89,98,101,146]",132,0.8979591836734694,6.667562396713765,2.3969393164963693,0.012525202706456184,0.01394852064549923
held_out_random,release,40,ep0043,scn0058,36,3,"[0,33,35]",33,0.9166666666666666,0.05071455693325481,0.00031348946782163383,8.749037078814581e-05,9.544403292238712e-05
held_out_random,release,41,ep0045,scn0066,140,13,"[0,12,17,20,57,83,84,96,105,113,122,126,139]",127,0.9071428571428571,0.3063550332055384,0.020225443413048893,0.0012314250925555825,0.00135747657623142
held_out_random,release,42,ep0046,scn0016,103,15,"[0,1,8,17,18,31,32,34,62,79,82,85,90,101,102]",88,0.8543689320388349,0.9628873403778235,0.49141993244818616,0.006136251147836447,0.007182202767580748
held_out_random,release,43,ep0046,scn0024,280,27,"[0,7,9,11,12,29,65,74,82,90,113,134,135,164,169,171,172,177,195,207,209,217,222,227,236,275,279]",253,0.9035714285714286,0.5142860355046501,1.4256251822224637,0.00971955619752407,0.010756821371614933
held_out_random,release,44,ep0047,scn0036,138,18,"[0,13,18,20,28,42,46,68,70,80,90,110,112,115,116,129,135,137]",120,0.8695652173913043,3.2751324993812223,0.6706511405994168,0.020437847822904587,0.02350352331995964
held_out_random,release,45,ep0047,scn0039,115,12,"[0,24,43,60,76,86,90,91,92,93,103,114]",103,0.8956521739130435,0.7092364120669663,1.5487570963349107,0.018912745639681816,0.021116172894835472
held_out_random,release,46,ep0048,scn0018,529,67,"[0,5,28,36,43,45,46,55,61,68,75,93,97,106,113,132,138,145,162,166,169,196,203,207,209,223,227,237,240,241,256,258,263,273,278,280,292,294,295,299,308,314,336,345,348,352,371,374,388,390,397,402,403,411,419,424,464,467,469,474,513,514,519,521,523,525,528]",462,0.8733459357277883,2.049300548968984,3.553151074568296,0.010046493262052536,0.011503453366458416
held_out_random,release,48,ep0051,scn0036,533,56,"[0,6,19,20,36,50,63,65,78,90,93,102,106,111,112,117,120,140,158,168,172,191,197,222,253,281,285,302,309,323,324,330,342,344,365,380,393,416,422,423,426,428,432,436,453,455,472,478,490,494,499,502,503,514,516,532]",477,0.8949343339587242,2.0416032828777726,0.8900285387587507,0.008154471404850483,0.00911180954426527
held_out_random,release,49,ep0openingv2,scn0003b,185,15,"[0,16,36,42,53,54,57,65,75,124,146,148,155,179,184]",170,0.918918918918919,5.456794930179838,1.1419774057095313,0.01566231995820999,0.01704428903758526
held_out_random,release,50,ep0pa021,scn0011b,170,20,"[0,4,7,31,56,62,65,79,82,86,89,94,111,116,127,130,131,151,155,169]",150,0.8823529411764706,7.995182595607091,2.090820408852781,0.02737758308649063,0.031027929857373238
held_out_random,release,51,ep0pa022c,scn0008,98,11,"[0,6,13,15,26,54,57,81,90,93,97]",87,0.8877551020408163,13.55663689051833,1.2933180175555317,0.027104299515485764,0.030531279742717743
held_out_random,release,52,ep0pa022e,scn0012,164,21,"[0,12,18,25,30,33,38,50,57,60,64,65,70,122,125,127,144,149,151,161,163]",143,0.8719512195121951,16.674374902838476,3.02944100036279,0.04009047895669937,0.045977894216775894
held_out_random,release,53,ep0pa022ev2,scn0012,89,13,"[0,5,16,34,37,40,42,44,54,57,74,82,88]",76,0.8539325842696629,0.3208945979177952,0.01596497441580905,0.00114180997479707,0.001337119610980153
held_out_random,release,54,ep0pa022k,scn0020,40,7,"[0,2,9,15,20,26,39]",33,0.825,2.6306326570610206,0.09604223080124905,0.0054642935283482075,0.006623385939747095
held_out_random,release,55,ep0pa022k,scn0031b,425,41,"[0,11,25,31,36,53,59,67,69,92,101,119,120,125,153,163,173,180,182,183,217,226,229,235,249,284,289,291,292,311,323,325,327,351,354,356,369,405,408,423,424]",384,0.9035294117647059,0.646669260812532,0.14069354920985924,0.002297702245414257,0.002543030073866248
held_out_random,release,56,ep0pa022t,scn0026,367,33,"[0,7,33,34,37,57,63,81,110,128,147,180,191,194,196,208,214,216,218,231,246,260,269,274,276,283,299,302,344,350,354,357,366]",334,0.9100817438692098,5.083609893019475,2.2221413164209007,0.013798274099826813,0.015161576680839062
held_out_random,release,57,ep0pa038,scn0006,302,31,"[0,16,19,21,22,30,37,53,54,68,69,73,91,94,102,107,126,149,160,171,174,185,188,200,211,223,232,250,276,294,301]",271,0.8973509933774835,0.31674929111534755,0.9890847802217327,0.010016968473792076,0.011162819340825081
held_out_random,release,58,ep0pa039,scn0001,795,81,"[0,2,10,12,14,53,67,78,102,139,141,147,157,159,167,169,173,192,198,201,214,237,261,267,284,290,295,304,306,312,324,366,371,379,390,393,441,446,462,471,481,485,489,492,497,518,519,520,527,536,540,556,567,574,581,583,595,611,613,620,623,625,631,640,655,656,670,680,697,700,704,729,743,751,752,762,767,772,776,788,794]",714,0.8981132075471698,1.825431999036226,1.995379603896556,0.005934591870754957,0.006607843562960625
held_out_random,release,59,ep0pa039,scn0032,84,8,"[0,15,28,48,50,60,68,83]",76,0.9047619047619048,3.3941006685296693,2.021806505940091,0.016694966703653336,0.01845232956111431
held_out_random,release,60,ep0pa040,scn0011,222,22,"[0,8,12,16,35,42,44,46,51,54,61,69,83,125,132,141,150,163,171,188,197,221]",200,0.9009009009009009,0.4128367551563939,0.8469969690234761,0.002673940034583211,0.002968073356896639
held_out_random,release,61,ep0pa040,scn0028,402,58,"[0,11,20,52,53,62,79,83,87,90,99,100,103,111,115,124,125,129,133,142,143,168,176,194,196,199,201,207,209,210,215,221,228,237,238,241,242,250,253,258,284,289,304,307,328,336,337,346,349,350,363,367,374,384,391,392,397,401]",344,0.8557213930348259,3.2561022558765016,1.7644887079912566,0.011819268576800823,0.013812052085995674
held_out_random,release,62,ep0pa057,scn0021,152,15,"[0,2,8,36,47,58,66,70,72,114,121,126,135,140,151]",137,0.9013157894736842,4.673187826319852,1.758212958905859,0.022598328068852425,0.025072596967220306
held_out_random,release,63,ep0pa063,scn0047,62,8,"[0,20,24,31,40,47,54,61]",54,0.8709677419354839,0.6590442702119403,0.31071832121469684,0.003208211390301585,0.003683502087369561
held_out_random,release,64,ep0pa064,scn0036,260,21,"[0,9,12,48,81,82,87,151,156,159,167,173,176,178,184,204,220,231,234,253,259]",239,0.9192307692307692,9.45369605661627,2.344785428236135,0.023536691442131996,0.025604767724871635
held_out_random,release,65,ep0pa064,scn0039,21,6,"[0,2,9,10,18,20]",15,0.7142857142857143,0.6065504514053464,0.048672356725816227,0.0033352647442370653,0.004669370595365763
held_out_random,release,66,ep0pa065,scn0061,80,12,"[0,1,6,8,20,25,30,39,49,56,78,79]",68,0.85,1.295839859938456,0.15936637422262395,0.002959622535854578,0.0034819096326828003
held_out_random,release,67,ep0pa067,scn0024,232,22,"[0,5,7,42,52,73,80,84,108,120,123,146,166,167,169,170,172,174,185,187,217,231]",210,0.9051724137931034,2.872661449935376,1.1059944977540936,0.011632658541202545,0.01285131648182869
held_out_random,release,68,ep0pa067,scn0043,211,22,"[0,8,15,16,18,30,59,66,83,84,86,99,103,118,120,132,153,175,178,189,195,210]",189,0.8957345971563981,4.3505682854165295,1.0252661460104289,0.013692558743059635,0.015286399982869625
held_out_random,release,69,ep0pa067,scn0098,72,11,"[0,1,8,10,15,19,33,50,63,64,71]",61,0.8472222222222222,5.810917671815849,0.2840618632628699,0.01312296837568283,0.015489403158426285
held_out_random,release,70,ep0pa071,scn0001,187,25,"[0,1,25,35,40,43,51,78,88,92,95,97,105,107,125,141,153,155,156,160,163,164,182,185,186]",162,0.8663101604278075,6.311811816656873,1.5572803817333516,0.016173040494322777,0.018668880686163902
held_out_random,release,71,ep0pa071,scn0004,160,20,"[0,28,30,35,40,43,52,54,58,70,85,92,117,126,130,132,142,153,156,159]",140,0.875,4.171409246961722,1.550895864116057,0.016392359510064125,0.018734125420451164
held_out_random,release,72,ep0pa072,scn0014,146,18,"[0,8,14,16,18,26,37,42,50,52,60,66,74,91,97,128,135,145]",128,0.8767123287671232,0.5583205606707912,1.6307915488659759,0.012769357301294804,0.014565050601959229
held_out_random,release,73,ep0pa073,scn0001,162,12,"[0,4,30,33,47,64,70,107,128,146,149,161]",150,0.9259259259259259,1.5609294388356596,0.10608154569442664,0.0035373764112591743,0.003820366458967328
held_out_random,release,74,ep0pa073,scn0026,66,11,"[0,6,12,25,28,32,35,36,50,61,65]",55,0.8333333333333334,0.8417548924094687,0.017619623019335444,0.0038517615757882595,0.004622113890945911
held_out_random,release,75,ep0pa082,scn0010,124,12,"[0,9,16,28,31,81,95,107,110,120,121,123]",112,0.9032258064516129,2.6568178684075376,0.5553522104312612,0.005014968570321798,0.005552286747843027
held_out_random,release,76,ep0pa084,scn0011,155,12,"[0,1,8,24,51,88,92,117,130,146,153,154]",143,0.9225806451612903,1.2286817814364577,4.459588828383332,0.02584139257669449,0.028009900823235512
held_out_random,release,77,ep0pa087,scn0016,282,33,"[0,9,15,16,22,32,40,47,70,81,129,131,136,139,143,158,164,166,173,177,184,191,198,206,209,217,231,242,249,253,259,261,281]",249,0.8829787234042553,1.1649136938907492,0.8105565408949629,0.0053451284766197205,0.006053518503904343
held_out_random,release,78,ep0pa091,scn0002,429,50,"[0,13,14,19,21,35,44,49,107,121,126,132,133,143,163,172,186,189,192,196,207,208,217,236,251,255,271,272,278,298,305,314,318,320,324,327,335,340,350,352,373,379,391,400,411,415,420,424,427,428]",379,0.8834498834498834,7.769194839028759,5.077093903511654,0.032607097178697586,0.0369088277220726
held_out_random,release,79,ep0pa091,scn0004,47,7,"[0,16,34,41,43,45,46]",40,0.851063829787234,2.0762146957791767,0.039832176768425556,0.005966339260339737,0.007010448258370161
held_out_random,release,80,ep0pa091,scn0015,90,16,"[0,1,18,21,24,33,40,50,52,68,79,80,82,83,85,89]",74,0.8222222222222222,20.19833802436747,3.711211628093782,0.07252868264913559,0.0882105678319931
held_out_random,release,81,ep0pa092,scn0011,102,10,"[0,10,22,34,52,68,75,77,92,101]",92,0.9019607843137255,27.33590126281435,8.416098944911836,0.07007888704538345,0.07769615948200226
held_out_random,release,82,ep0pa095,scn0023,182,16,"[0,6,14,18,21,31,35,36,98,99,107,119,137,146,179,181]",166,0.9120879120879121,7.69869573114972,3.6025779357855012,0.0315985232591629,0.03464416787028313
held_out_random,release,83,ep0pa096,scn0015,75,7,"[0,3,18,37,51,59,74]",68,0.9066666666666666,0.9667717304546386,0.18566935240492352,0.007203133776783943,0.007944632321596146
held_out_random,release,84,ep0pa097,scn0001,425,49,"[0,1,5,6,7,17,33,38,44,45,46,55,62,66,69,92,95,130,138,139,144,188,222,223,226,227,230,231,234,237,278,279,281,290,305,325,329,330,334,339,354,358,360,364,371,384,390,403,424]",376,0.8847058823529412,3.801041246610358,3.8613021140659396,0.010401460342109203,0.01175696961581707
held_out_random,release,85,ep0pa098,scn0001,192,12,"[0,16,27,34,70,75,76,81,93,143,158,191]",180,0.9375,4.762700619803059,3.7398303094027554,0.013793272897601128,0.014712824486196041
held_out_random,release,86,ep0pa098,scn0038,205,19,"[0,7,24,44,46,62,71,74,96,100,104,110,111,146,152,162,174,183,204]",186,0.9073170731707317,2.402131347287748,2.2071942003358176,0.011051985435187817,0.012180951423943043
held_out_random,release,87,ep0pa098,scn0072,54,8,"[0,10,13,33,35,36,41,53]",46,0.8518518518518519,0.5154914513851205,0.22038245358856454,0.005398951470851898,0.006337900646030903
held_out_random,release,88,ep0pa099,scn0026,198,24,"[0,4,11,24,33,46,51,54,65,75,77,84,87,92,100,146,148,153,163,166,181,184,185,197]",174,0.8787878787878788,0.6619062826862897,0.27764330730119274,0.0019193930784240365,0.0021841370034962893
held_out_random,release,89,ep0pa099,scn0058,151,12,"[0,2,6,25,36,46,60,95,111,136,139,150]",139,0.9205298013245033,0.24654024783868966,0.006891354957016281,0.0010410064132884145,0.0011308774119243026
held_out_random,release,90,ep0pa099,scn0062,84,8,"[0,6,17,58,67,75,81,83]",76,0.9047619047619048,2.3612931511675317,1.522055744690725,0.023187432438135147,0.025628214702010155
held_out_random,release,91,ep0pa101,scn0053,78,9,"[0,15,21,26,33,44,61,75,77]",69,0.8846153846153846,2.208108264251667,0.16405175638230413,0.006548672448843718,0.007402847986668348
held_out_random,release,92,ep0pa101,scn0056,56,11,"[0,1,15,25,32,33,34,38,39,53,55]",45,0.8035714285714286,26.757542932950532,6.692073993154433,0.06483116000890732,0.0806787759065628
held_out_random,release,93,ep0pa102v2,scn0011,83,11,"[0,1,10,16,28,47,50,59,67,73,82]",72,0.8674698795180723,0.14656485363071703,0.44563696849654266,0.00336543470621109,0.003879598341882229
held_out_random,release,94,ep0pa103,scn0020,88,10,"[0,2,24,41,48,60,71,74,84,87]",78,0.8863636363636364,5.077630460461175,2.358769940238774,0.014900723472237587,0.016811072826385498
held_out_random,release,95,ep0pa103,scn0034,92,10,"[0,32,34,37,52,54,56,80,86,91]",82,0.8913043478260869,0.003379043322056532,0.0043463226566387665,3.677656059153378e-05,4.1261508158640936e-05
held_out_random,release,96,ep0pa105,scn0007,73,7,"[0,15,25,40,49,69,72]",66,0.9041095890410958,1.067052935429204,0.13717682890329425,0.0036556264385581017,0.004043344873934984
held_out_random,release,97,ep0pa106,scn0033,109,10,"[0,2,31,43,44,46,66,72,84,108]",99,0.908256880733945,6.978825353141715,0.9153674475732889,0.02204669453203678,0.02427363395690918
held_out_random,release,98,ep0pa106,scn0048,173,15,"[0,3,66,67,71,95,96,106,107,121,126,145,158,170,172]",158,0.9132947976878613,0.37016427506923033,0.35932065564246835,0.005366237834095955,0.005875690374523401
held_out_random,release,99,ep0pa110,scn0040,161,13,"[0,22,27,32,41,45,49,62,76,94,107,133,160]",148,0.9192546583850931,3.7810843169775814,2.9604846256476116,0.019291596487164497,0.020986128598451614
held_out_random,release,100,ep0pa110,scn0087,209,23,"[0,3,9,17,25,32,55,64,65,69,77,94,98,101,104,124,137,167,168,185,188,194,208]",186,0.8899521531100478,4.379538559666632,1.8282984902066393,0.01971016824245453,0.02214745059609413
held_out_random,release,102,ep0pa115,scn0022,20,5,"[0,12,16,18,19]",15,0.75,0.5046699625925849,0.004329266071720947,0.0024962513707578182,0.003328335238620639
held_out_random,release,103,ep0pa117,scn0060,102,10,"[0,10,19,20,60,67,85,87,99,101]",92,0.9019607843137255,10.650534631786021,2.000525481182035,0.027731645852327347,0.03074594959616661
held_out_random,release,104,ep0pa123,scn0008,48,6,"[0,2,5,23,45,47]",42,0.875,13.871171713645499,1.9531428605449286,0.03807763010263443,0.04351729154586792
held_out_random,release,105,ep0pa125,scn0016,51,8,"[0,6,20,32,34,45,48,50]",43,0.8431372549019608,12.440316350836502,0.41764459091553247,0.025939611718058586,0.030765585601329803
held_out_random,release,106,ep0pa125,scn0018,79,10,"[0,1,7,11,36,38,39,70,76,78]",69,0.8734177215189873,6.579629018493318,1.1375596180208596,0.017665253952145576,0.020225433632731438
held_out_random,release,107,ep0pa126,scn0001,153,15,"[0,6,9,15,29,48,75,95,132,133,140,145,148,150,152]",138,0.9019607843137255,4.046228707408959,0.48493511877273876,0.008995129726827145,0.009972861967980862
held_out_random,release,108,ep0pa126,scn0014,42,8,"[0,1,6,10,11,16,36,41]",34,0.8095238095238095,1.218089445726946,0.18248945486305207,0.00855685118585825,0.010570227168500423
held_out_random,release,109,ep0pa129,scn0010,62,10,"[0,15,27,30,32,41,46,55,59,61]",52,0.8387096774193549,0.1792142883874476,0.03201015160511474,0.0004511351289693266,0.0005378918722271919
held_out_random,release,110,ep0pa129,scn0014,239,24,"[0,26,33,41,44,79,95,119,130,131,133,140,162,167,169,181,183,187,191,195,214,215,232,238]",215,0.899581589958159,0.2973062010451623,0.8192433911190218,0.005060306750237942,0.005625178571790457
held_out_random,release,111,ep0pa136,scn0002,187,27,"[0,14,17,52,61,76,77,78,90,105,117,120,122,125,139,145,146,158,163,164,169,173,175,176,177,185,186]",160,0.8556149732620321,3.395913687314979,0.6931205169776377,0.01257370226085186,0.014695513993501663
held_out_random,release,112,ep0pa136,scn0021,38,8,"[0,3,6,7,29,31,35,37]",30,0.7894736842105263,2.4636090099811554,0.05018019234196699,0.005218102131038904,0.006609596312046051
held_out_random,release,113,ep0pa143,scn0005,67,9,"[0,5,35,37,42,52,55,61,66]",58,0.8656716417910447,0.7330752632115036,0.17497670645123772,0.0054654949344694614,0.00631358940154314
held_out_random,release,115,ep0pa145,scn0001,418,37,"[0,21,32,53,62,86,98,103,107,116,118,128,145,150,154,178,198,210,216,220,224,230,263,282,297,323,328,329,353,365,368,375,382,386,411,416,417]",381,0.9114832535885168,1.6889694420616688,0.3454397556963397,0.004008001647889614,0.004397229757159948
held_out_random,release,116,ep0pa145,scn0055,56,8,"[0,7,14,24,27,37,46,55]",48,0.8571428571428571,7.6988876637431884,0.2606822939804513,0.01518771518021822,0.017719002440571785
held_out_random,release,117,ep0pa147,scn0013,280,28,"[0,31,47,60,64,76,83,88,100,113,118,134,135,139,165,170,197,216,217,220,221,234,245,249,251,256,274,279]",252,0.9,0.6531742412560418,0.6066699811005862,0.0030490572098642588,0.003387841396033764
held_out_random,release,118,ep0pa148,scn0010,87,11,"[0,8,9,24,38,45,51,60,69,80,86]",76,0.8735632183908046,0.5046381750920167,0.22213341949767812,0.0034025765489786863,0.00389505410566926
held_out_random,release,119,ep0pa148,scn0016,58,9,"[0,8,12,13,20,23,45,47,57]",49,0.8448275862068966,1.0986802391851178,0.16813008454246667,0.0020686753559857607,0.00244863610714674
held_out_random,release,120,ep0pa148,scn0066,149,15,"[0,8,9,17,29,33,65,77,78,89,96,98,104,143,148]",134,0.8993288590604027,0.07654210392322483,0.004100651802424712,0.0002318203914910555,0.0002577704726718366
held_out_random,release,121,ep0pa148,scn0076,439,44,"[0,2,7,37,41,56,61,62,95,97,105,109,116,125,129,140,141,145,149,157,159,165,169,180,181,183,186,204,209,221,259,260,265,271,275,278,309,315,342,358,359,383,424,438]",395,0.8997722095671982,6.205191239343836,4.602878470567672,0.015635041519999504,0.017376666888594627
held_out_random,release,123,ep0pa150,scn0044,92,7,"[0,5,12,52,69,86,91]",85,0.9239130434782609,0.5120024177985093,0.051950040384597954,0.0029433625750243664,0.0031857574358582497
held_out_random,release,124,ep0pa152,scn0011,136,12,"[0,30,36,37,41,52,78,79,85,90,113,135]",124,0.9117647058823529,1.2325989020803356,0.33211338028933723,0.006691186688840389,0.007338720839470625
held_out_random,release,125,ep0pa152,scn0025,89,12,"[0,2,3,15,29,47,51,55,74,82,83,88]",77,0.8651685393258427,0.06723573670318031,0.04755585078747503,0.0006546504446305335,0.0007566739222966135
held_out_random,release,128,ep0pa157,scn0011,126,14,"[0,4,23,30,31,44,46,57,71,73,84,101,112,125]",112,0.8888888888888888,3.780936107471369,0.3216602151701938,0.007896596565842628,0.008883670903742313
held_out_random,release,129,ep0pa159,scn0056,99,12,"[0,6,7,13,47,54,65,70,74,81,84,98]",87,0.8787878787878788,0.12577263406828182,0.02926782569382419,0.000708101608324796,0.0008057708037085831
held_out_random,release,130,ep0pa160,scn0005,99,14,"[0,10,15,31,32,40,55,65,74,75,80,81,91,98]",85,0.8585858585858586,6.6747776097827805,1.051899397729714,0.015175404027104378,0.01767488196492195
held_out_random,release,131,ep0pa160,scn0010,60,9,"[0,9,31,36,49,51,52,56,59]",51,0.85,0.012341588728630276,0.0002228087030514661,5.444218186312355e-05,6.404963642125949e-05
held_out_random,release,132,ep0pa160,scn0043,60,6,"[0,16,38,56,58,59]",54,0.9,5.96162471797652,0.7445931223913074,0.01446844357997179,0.016076048836112022
held_out_random,release,133,ep0pa165,scn0013,180,27,"[0,6,14,20,47,49,52,69,77,78,80,87,110,119,129,133,136,138,142,143,144,146,157,158,167,169,179]",153,0.85,0.6187763977318821,0.28168407630649794,0.0030906626489013433,0.0036360735539346933
held_out_random,release,134,ep0pa166,scn0003,182,13,"[0,1,35,44,54,62,84,96,118,132,146,156,181]",169,0.9285714285714286,5.0120074220117505,2.5063965666115395,0.07045591622591019,0.07587560266256332
held_out_random,release,135,ep0pa168,scn0025,50,4,"[0,4,43,49]",46,0.92,0.03844561972297155,0.0004937720774362549,8.284918294521049e-05,9.00534723768942e-05
held_out_random,release,136,ep0pa170,scn0026,58,8,"[0,16,19,31,33,50,55,57]",50,0.8620689655172413,1.5794957922043977,0.14979061110467287,0.00473761884495616,0.005495638120919466
held_out_random,release,137,ep0pa173,scn0012,434,44,"[0,6,37,67,79,82,95,103,104,118,119,133,152,158,164,185,190,202,212,220,221,223,231,241,245,249,295,301,320,324,326,341,343,345,346,357,374,375,390,399,407,408,419,433]",390,0.8986175115207373,0.37137441878880084,2.3077213632342524,0.00608042860403657,0.00676642544567585
held_out_random,release,138,ep0pa173,scn0014,92,13,"[0,2,21,27,30,33,43,61,70,77,86,89,91]",79,0.8586956521739131,0.4696736069739733,0.45517324245854496,0.007084089796990156,0.008249825797975063
held_out_random,release,139,ep0pa178,scn0007,75,13,"[0,3,4,9,11,18,19,20,30,54,71,72,74]",62,0.8266666666666667,1.1466494339821471,0.7015225158986576,0.01245799195021391,0.015070151537656784
held_out_random,release,140,ep0pa179,scn0005,192,16,"[0,23,34,55,57,76,108,116,124,126,158,161,162,172,188,191]",176,0.9166666666666666,3.5600363671185122,1.572392731145735,0.01283726841211319,0.014004293829202652
held_out_random,release,141,ep0pa181,scn0005,140,12,"[0,12,23,26,45,46,75,85,91,103,133,139]",128,0.9142857142857143,8.555886292072634,1.8850990954310867,0.02483316883444786,0.02716127783060074
held_out_random,release,142,ep0pa188,scn0008,198,19,"[0,2,9,23,49,83,88,97,115,121,124,127,140,152,165,166,190,192,197]",179,0.9040404040404041,0.18983573826506386,0.35241555729857543,0.004265750292688608,0.0047185393050313
held_out_random,release,143,ep0pa189,scn0001,152,15,"[0,1,4,36,42,55,64,93,100,107,115,119,129,141,151]",137,0.9013157894736842,5.654644734931715,0.25788747170730564,0.01416222844272852,0.015712836757302284
held_out_random,release,144,ep0pa189,scn0014,157,17,"[0,35,42,48,56,57,82,86,89,98,101,114,138,140,141,148,156]",140,0.89171974522293,0.7837427052977863,1.2907245286178866,0.007271457929164171,0.008154420182108879
held_out_random,release,145,ep0pa189,scn0020,36,6,"[0,6,9,22,28,35]",30,0.8333333333333334,0.4899216796271503,0.012838872439695653,0.0017743073403835297,0.0021291684824973345
held_out_random,release,146,ep0pa194,scn0016,265,23,"[0,14,26,60,64,82,92,116,126,138,169,178,180,181,195,196,198,201,218,224,232,257,264]",242,0.9132075471698113,11.59647090411973,3.3575908224943896,0.042641472071409225,0.04669417440891266
held_out_random,release,147,ep0pa194,scn0029,530,55,"[0,18,22,24,52,73,80,82,85,89,92,100,104,135,147,149,150,151,161,165,178,199,202,217,220,224,239,264,267,271,275,285,302,303,322,354,362,368,398,403,405,417,443,453,467,477,484,494,497,505,519,521,522,524,529]",475,0.8962264150943396,1.0997235966256482,2.2020057951685574,0.00669436389580369,0.0074695018120110035
held_out_random,release,148,ep0pa196,scn0034,68,10,"[0,3,12,14,16,19,27,37,53,67]",58,0.8529411764705882,2.88504612742384,2.9363406560821788,0.044783465564250946,0.052504755556583405
held_out_random,release,149,ep0pa198,scn0003,244,22,"[0,38,44,56,57,62,88,102,123,145,149,173,174,176,179,220,224,227,232,234,237,243]",222,0.9098360655737705,0.14704511013008992,0.10696183581236142,0.0016619320958852768,0.0018266279948875308
held_out_random,release,150,ep0pa199,scn0056,55,7,"[0,2,10,14,29,31,54]",48,0.8727272727272727,12.992777989928921,1.4092232441921682,0.025011692196130753,0.02865922823548317
held_out_random,release,151,ep0pa202,scn0013,88,9,"[0,11,22,26,33,34,53,68,87]",79,0.8977272727272727,0.4557267178732314,0.0399126312418779,0.0024091412778943777,0.0026835999451577663
held_out_random,release,152,ep0pa205,scn0009,197,15,"[0,15,16,39,52,55,60,62,75,118,124,132,138,171,196]",182,0.9238578680203046,13.998385243188768,3.119068376274375,0.03154192492365837,0.03414153307676315
held_out_random,release,153,ep0pa206,scn0013,1063,109,"[0,36,40,41,50,51,63,71,73,89,94,114,119,147,150,157,166,174,182,197,199,210,213,220,223,238,251,254,262,265,268,276,302,312,314,320,330,332,350,351,360,373,389,399,402,410,411,417,436,439,451,466,483,497,501,518,525,527,536,551,559,565,571,576,578,580,584,594,599,607,613,645,647,648,664,666,670,671,677,683,700,715,719,726,735,736,756,810,812,854,855,858,869,895,899,915,918,928,940,942,962,987,992,1006,1030,1034,1038,1060,1062]",954,0.8974600188146754,3.162531228469382,3.6653827427772763,0.020474785938858986,0.022814149037003517
held_out_random,release,154,ep0pa206,scn0014,309,25,"[0,35,41,56,72,76,87,142,155,169,182,185,199,219,223,225,230,250,257,258,272,283,292,300,308]",284,0.919093851132686,2.912701352770126,2.845876565641167,0.011900333687663078,0.012947896495461464
held_out_random,release,155,ep0pa206,scn0026,208,23,"[0,9,10,18,22,28,33,34,41,46,49,54,55,58,60,64,66,96,114,137,177,200,207]",185,0.8894230769230769,1.5401914488192745,1.2735989887071806,0.007059833966195583,0.007937543094158173
held_out_random,release,157,ep0pa207,scn0024,62,8,"[0,10,20,45,51,57,58,61]",54,0.8709677419354839,5.675141005749431,0.4249483386191727,0.02010861039161682,0.02308766171336174
held_out_random,release,158,ep0pa207,scn0059,368,38,"[0,11,14,19,20,54,74,82,84,96,109,118,119,125,133,138,140,158,190,193,203,217,247,249,255,256,264,266,275,317,323,327,341,354,357,365,366,367]",330,0.8967391304347826,2.2582572045820157,3.93661697606627,0.012994342483580112,0.014490661211311817
held_out_random,release,159,ep0pa208,scn0002,603,67,"[0,4,5,6,16,19,32,36,40,43,46,63,87,90,105,108,109,120,126,129,140,145,150,161,163,164,168,182,197,212,214,215,220,245,248,251,254,269,287,291,295,321,341,396,401,423,428,439,463,486,502,507,511,520,521,524,542,549,566,577,585,588,589,593,595,600,602]",536,0.8888888888888888,1.6959570669562105,3.179247528789979,0.005296892952173948,0.005959004629403353
held_out_random,release,160,ep0pa211,scn0017,66,9,"[0,2,7,25,42,43,46,55,65]",57,0.8636363636363636,2.2531679944033187,1.2262506460069933,0.025012200698256493,0.02896149642765522
held_out_random,release,161,ep0pa211,scn0026,502,47,"[0,5,9,12,36,56,58,63,66,67,71,72,75,88,117,132,138,143,145,162,167,176,188,192,198,202,220,231,254,293,303,310,311,333,339,371,384,411,415,426,436,443,449,466,472,500,501]",455,0.9063745019920318,1.999494127139204,8.385374431805696,0.02193494141101837,0.024200748652219772
held_out_random,release,162,ep0pa212,scn0014,708,70,"[0,4,37,61,73,84,102,103,104,126,161,163,166,177,190,196,198,209,214,249,262,264,278,285,286,296,301,308,312,315,322,329,350,351,377,381,385,390,396,400,419,429,444,461,487,497,501,502,516,527,531,532,540,549,555,559,568,577,581,590,604,656,667,674,681,683,684,703,704,707]",638,0.9011299435028248,3.0638108930854155,3.889091072140598,0.01993877999484539,0.022126421332359314
held_out_random,release,163,ep0pa212,scn0015,75,8,"[0,10,26,44,45,68,72,74]",67,0.8933333333333333,0.04233051130525124,0.004195084120653784,0.0003623460652306676,0.00040561126661486924
held_out_random,release,164,ep0pa212,scn0023,34,6,"[0,8,11,15,20,33]",28,0.8235294117647058,0.13158591964135044,0.0008866682006571909,0.00044994070776738226,0.0005463565466925502
held_out_random,release,165,ep0pa212,scn0033,260,26,"[0,17,18,48,50,60,83,92,113,123,125,128,130,139,144,157,159,190,191,195,196,198,207,245,253,259]",234,0.9,0.5590299605260748,1.138843815730878,0.013353007845580578,0.014836673624813557
held_out_random,release,166,ep0pa212,scn0054,145,19,"[0,14,16,18,25,30,31,41,65,69,74,77,85,89,126,132,135,139,144]",126,0.8689655172413793,8.894809535490406,2.7321632599927588,0.031134387478232384,0.03582925722002983
held_out_random,release,167,ep0pa212,scn0059,130,19,"[0,1,4,6,10,11,34,41,48,49,52,53,59,84,111,115,118,126,129]",111,0.8538461538461538,0.03315007132573091,0.41715480767811663,0.010612331330776215,0.01242885459214449
held_out_random,release,168,ep0pa213,scn0024,57,6,"[0,10,34,38,46,56]",51,0.8947368421052632,0.2790135593748972,0.01865885547210343,0.0007089352002367377,0.0007923393277451396
held_out_random,release,169,ep0pa221,scn0008,115,24,"[0,1,4,6,19,20,21,23,28,30,38,39,46,49,58,60,68,71,74,86,91,95,96,114]",91,0.7913043478260869,4.339988326607102,0.23369676176791326,0.011317921802401543,0.014302868396043777
held_out_random,release,170,ep0pa225,scn0009,299,25,"[0,1,17,18,27,34,58,77,86,87,88,92,136,140,176,184,205,209,215,229,232,252,272,277,298]",274,0.9163879598662207,15.809823917155589,5.350792795361677,0.04054711386561394,0.04424666985869408
held_out_random,release,171,ep0pa228,scn0007,69,9,"[0,6,26,33,41,46,56,59,68]",60,0.8695652173913043,0.7552820670688035,0.41618267969807976,0.007620128802955151,0.00876314751803875
held_out_random,release,172,ep0pa228,scn0017,98,12,"[0,1,8,23,25,26,30,42,54,74,93,97]",86,0.8775510204081632,1.171923898251003,0.8491664865761748,0.008623694069683552,0.00982699915766716
held_out_random,release,173,ep0pa228,scn0025,142,14,"[0,20,22,37,40,47,78,87,100,101,115,127,136,141]",128,0.9014084507042254,2.411879054991855,0.5496562968535889,0.018436243757605553,0.02045270800590515
held_out_random,release,174,ep0pa235,scn0009,191,24,"[0,5,12,23,29,32,43,80,83,94,100,104,106,109,126,132,140,142,146,157,161,169,180,190]",167,0.8743455497382199,1.9611654903853373,0.3752953693341661,0.007090885192155838,0.008109933696687222
held_out_random,release,175,ep0pa239,scn0004e,166,17,"[0,2,12,14,19,80,85,88,115,116,123,135,140,157,159,164,165]",149,0.8975903614457831,2.1053947001819124,0.33465431020378494,0.007387874647974968,0.008230785839259624
held_out_random,release,176,ep0pa240,scn0012,107,10,"[0,4,13,17,45,56,80,82,97,106]",97,0.9065420560747663,0.22210135530356478,2.3405885941455415,0.018122822046279907,0.019991157576441765
held_out_random,release,177,ep0pa241,scn0044,210,18,"[0,16,22,23,35,39,42,45,47,60,112,116,132,157,183,191,201,209]",192,0.9142857142857143,3.685039726918382,0.9877442014399757,0.00917822029441595,0.010038677603006363
held_out_random,release,179,ep0pr198,scn0009,100,13,"[0,11,27,42,55,56,57,71,74,78,80,81,99]",87,0.87,12.745322824631995,1.4494799022381382,0.02882898598909378,0.0331367664039135
held_out_random,release,180,ep0pr203,scn0005,150,17,"[0,4,8,16,28,48,50,59,62,78,84,88,110,113,114,136,149]",133,0.8866666666666667,0.07192741673947735,0.013958424609808806,0.0002055757213383913,0.00023185234749689698
held_out_random,release,181,ep0pr219,scn0005,36,3,"[0,16,35]",33,0.9166666666666666,2.40711294638144,0.03031192950236397,0.004172066226601601,0.004551345016807318
held_out_random,release,182,ep0pr232,scn0001,75,5,"[0,16,20,45,74]",70,0.9333333333333333,1.5219848022246971,0.019561040829686148,0.0037320281844586134,0.003998601343482733
held_out_random,release,183,ep0pr244,scn0002,106,18,"[0,4,5,16,17,19,28,30,31,51,63,71,76,79,81,85,104,105]",88,0.8301886792452831,3.5138951648431296,0.4705996955976314,0.011777309700846672,0.014186304993927479
held_out_random,release,184,ep0pr244,scn0003,151,11,"[0,16,19,23,28,29,70,75,87,94,150]",140,0.9271523178807947,21.789545753970742,4.274728259644581,0.05991760268807411,0.06462541967630386
held_out_random,release,185,ep0pr251,scn0004,202,17,"[0,11,44,63,98,106,122,126,133,169,171,179,186,187,193,197,201]",185,0.9158415841584159,4.048791999617497,4.915919802320974,0.03093809075653553,0.03378104791045189
held_out_random,release,186,ep0pr253,scn0032,75,9,"[0,16,19,21,33,40,44,73,74]",66,0.88,31.503504046670546,5.727309707075097,0.0729987770318985,0.08295315504074097
held_out_random,release,187,ep0pr253,scn0033,150,15,"[0,10,11,18,21,27,60,71,81,83,91,134,135,146,149]",135,0.9,2.9602618017491023,1.723391756887369,0.013389862142503262,0.0148776238784194
held_out_random,release,188,ep0pr254,scn0001,202,21,"[0,10,30,40,85,88,94,104,107,117,122,130,132,141,155,165,184,185,189,200,201]",181,0.8960396039603961,5.856943208118479,1.3925625858358737,0.017467157915234566,0.01949373446404934
held_out_random,release,189,ep0pr255animales,scn0024,121,14,"[0,3,22,28,33,38,48,56,62,82,101,113,114,120]",107,0.8842975206611571,0.014829506411364204,0.00023495908950015848,7.553930481662974e-05,8.542295836377889e-05
held_out_random,release,190,ep0pr255geometricas,scn0042,62,10,"[0,1,20,26,46,48,52,53,60,61]",52,0.8387096774193549,0.14986912373985564,0.0018948300840556577,0.0003506096836645156,0.00041803467320278287
held_out_random,release,191,ep0pr262alienscolores,scn0004,99,8,"[0,2,33,54,55,83,91,98]",91,0.9191919191919192,3.4329712730876745,2.1952529174960556,0.030970415100455284,0.0336930938065052
held_out_random,release,192,ep0pr262alienscolores,scn0015,223,21,"[0,16,42,49,57,61,69,74,76,83,86,89,90,127,138,160,163,169,172,180,222]",202,0.905829596412556,9.543561549373317,3.148569924706427,0.028668535873293877,0.03164893016219139
held_out_random,release,193,ep0pr262numeros,scn0034,101,11,"[0,19,22,29,38,73,81,82,92,95,100]",90,0.8910891089108911,0.09957523156296123,0.000544581735121071,0.00021299500076565892,0.00023902772227302194
held_out_random,release,194,ep0pr262pollitos,scn0009,95,11,"[0,17,23,27,33,41,44,69,80,92,94]",84,0.8842105263157894,4.787299006783332,1.0865885745406074,0.016894139349460602,0.019106464460492134
held_out_random,release,195,ep0pr263,scn0035,225,30,"[0,4,15,27,33,39,48,60,62,73,74,89,97,102,106,126,130,148,156,163,164,174,180,194,207,210,212,217,222,224]",195,0.8666666666666667,13.055317030593812,1.7009982268325154,0.028751125559210777,0.03317437693476677
held_out_random,release,197,ep0pr266huevos,scn0013,139,17,"[0,2,7,34,37,45,52,62,81,91,95,106,109,115,135,137,138]",122,0.8776978417266187,26.637009410889117,13.944821425667682,0.07708611339330673,0.08782762289047241
held_out_random,release,198,ep0se254a,scn0010,219,25,"[0,3,16,20,25,26,43,48,51,55,65,69,78,109,122,133,148,157,164,194,196,197,204,214,218]",194,0.8858447488584474,0.2478964255568533,0.12626193914577485,0.0017093670321628451,0.0019296463578939438
held_out_random,release,199,ep0vdg001,scn0003,131,17,"[0,6,9,11,18,41,56,64,75,86,94,101,106,110,111,124,130]",114,0.8702290076335878,3.080540741079372,1.8028887006109575,0.012865803204476833,0.014784387312829494
held_out_random,release,200,ep0vdg009,scn0001,136,16,"[0,2,19,31,38,53,73,81,86,104,105,123,126,127,134,135]",120,0.8823529411764706,6.307425367881854,3.7613593449233487,0.017431093379855156,0.01975523680448532
production,release,0,ep0014,scn0014,257,52,"[0,11,13,15,17,19,21,23,25,27,29,31,33,44,51,54,61,65,70,75,83,87,89,91,93,95,97,99,103,114,123,126,129,132,135,139,142,154,157,199,202,205,208,211,214,217,220,223,227,239,247,256]",205,0.7976653696498055,2.7464184464965657,0.7276129052348013,0.010699443519115448,0.013413448818027973
production,release,1,ep002,scn00100010,185,19,"[0,13,14,15,21,24,27,31,34,40,41,42,43,44,45,47,52,53,184]",166,0.8972972972972973,1.2353250481704674,1.4761982192410021,0.004256497602909803,0.004743687342852354
production,release,2,ep002,scn00100030,62,32,"[0,3,4,8,10,13,17,21,24,28,32,34,36,41,44,45,46,47,48,49,50,51,52,53,54,55,56,57,58,59,60,61]",30,0.4838709677419355,1.545187503889041,0.9375822906038344,0.012415827251970768,0.02565937675535679
production,release,3,ep002,scn00100070,87,19,"[0,8,11,17,20,21,24,25,27,35,37,41,47,57,61,67,77,81,86]",68,0.7816091954022989,9.465375974599738,2.771442322003651,0.049000971019268036,0.06269241869449615
production,release,4,ep002,scn00100080,45,7,"[0,5,9,25,32,36,44]",38,0.8444444444444444,1.6119400202855467,0.0948765917821319,0.005864020437002182,0.006944234017282724
production,release,5,ep002,scn00100190,196,21,"[0,58,60,65,69,73,75,76,78,82,87,92,137,139,144,152,159,164,167,170,195]",175,0.8928571428571429,3.879181969228612,1.9709649149680115,0.013832977041602135,0.015492936596274376
production,release,6,ep002,scn00100300,55,11,"[0,4,11,15,16,20,25,35,45,47,54]",44,0.8,3.878440201515332,0.36251796590149754,0.010627122595906258,0.013283902779221535
production,release,7,ep002,scn00100340,51,26,"[0,1,2,3,4,5,6,7,8,10,14,19,24,25,26,27,28,29,30,31,32,33,34,40,44,50]",25,0.49019607843137253,3.5166431872049966,0.14983578529023694,0.010128593072295189,0.020662328228354454
production,release,8,ep002,scn00100350,42,21,"[0,1,2,4,6,7,9,10,11,12,16,20,21,22,26,30,31,32,36,40,41]",21,0.5,2.7646000971559617,0.06948469830406205,0.00940654519945383,0.01881309039890766
production,release,9,ep002,scn00100380,65,6,"[0,21,24,28,31,64]",59,0.9076923076923077,0.4499706833258919,0.07104682206821293,0.001751753268763423,0.0019298974657431245
production,release,10,ep002,scn00100390,49,7,"[0,25,34,37,41,44,48]",42,0.8571428571428571,0.5902722748341384,0.1660317845066712,0.004005336202681065,0.004672891926020384
production,release,11,ep002,scn00100400,114,25,"[0,38,39,40,43,46,48,50,53,56,59,62,65,66,67,74,75,77,78,80,81,82,84,85,113]",89,0.7807017543859649,10.370322340222442,1.657567745200247,0.023085428401827812,0.02957010269165039
production,release,12,ep002,scn00100410,203,31,"[0,5,10,15,20,25,30,35,40,45,50,55,60,65,70,75,80,85,90,95,100,102,111,112,114,155,164,165,168,171,202]",172,0.8472906403940886,16.965079713636882,5.291670871684192,0.0698755532503128,0.0824694037437439
production,release,13,ep0022,scn0004,157,60,"[0,1,2,5,6,9,10,13,14,17,18,21,22,25,26,29,30,33,34,37,38,41,42,45,46,49,50,53,54,57,58,61,63,64,70,71,73,78,79,84,86,89,90,93,94,97,98,101,102,105,106,109,110,113,114,117,118,121,122,156]",97,0.6178343949044586,5.938338561390721,0.6128783106878675,0.016854161396622658,0.027279416099190712
production,release,14,ep003,scn00100010,218,81,"[0,1,2,3,4,5,6,7,8,9,10,11,12,13,14,15,16,17,18,19,20,21,22,23,24,25,26,27,28,29,30,31,32,33,34,35,36,37,38,39,40,41,42,43,44,45,46,47,48,49,50,51,52,53,54,55,56,57,58,59,60,61,62,63,64,65,66,67,68,69,70,71,72,73,74,75,76,77,122,123,217]",137,0.6284403669724771,10.573662446404146,4.614820063238581,0.02417013980448246,0.03846051171422005
production,release,15,ep003,scn00100040,47,4,"[0,7,30,46]",43,0.9148936170212766,0.3036143480971151,0.01848426127269573,0.001809926819987595,0.001978292129933834
production,release,16,ep003,scn00100060,68,8,"[0,35,42,45,46,50,51,67]",60,0.8823529411764706,0.19424264273933461,0.06629045240919472,0.000785818905569613,0.0008905947906896472
production,release,17,ep003,scn00100390,62,16,"[0,6,8,12,22,29,30,31,33,37,40,42,44,46,48,61]",46,0.7419354838709677,0.3418809917608374,0.16240222991050413,0.003916552290320396,0.00527883181348443
production,release,18,ep003,scn00100392,14,10,"[0,2,3,6,8,9,10,11,12,13]",4,0.2857142857142857,0.31342011012814264,0.007997897084993237,0.0010422748746350408,0.00364796188659966
production,release,19,ep003,scn00100394,35,15,"[0,4,6,8,10,11,12,13,14,15,16,17,18,22,34]",20,0.5714285714285714,0.11295412047669136,0.11982440033546966,0.00112028734292835,0.00196050270460546
production,release,20,ep003,scn00100396,35,9,"[0,6,10,14,18,22,26,30,34]",26,0.7428571428571429,1.757120218704499,0.21042518162369309,0.007603110745549202,0.010234956629574299
production,release,21,ep003,scn00100510,14,3,"[0,3,13]",11,0.7857142857142857,2.9655301769574485,0.03838460264058016,0.005331129767000675,0.006785075180232525
production,release,22,ep004,scn00100240,52,12,"[0,1,2,3,4,7,8,10,11,13,14,51]",40,0.7692307692307693,0.45378491186326547,0.013702664754609968,0.0009392754873260856,0.0012210580753162503
production,release,23,ep005,scn00100070,52,15,"[0,8,9,10,15,25,26,27,29,30,31,33,34,36,51]",37,0.7115384615384616,0.02003977711384113,0.00046663185974521487,6.498252332676202e-05,9.132677951129153e-05
production,release,24,ep005,scn00100110,60,28,"[0,1,2,3,4,5,6,7,8,9,10,11,12,13,14,18,21,25,28,32,35,39,42,46,49,53,56,59]",32,0.5333333333333333,1.9434968482616335,0.10343708989168501,0.008718607947230339,0.016347389668226242
production,release,25,ep005,scn00100120,60,36,"[0,1,2,3,4,5,6,7,8,9,10,11,12,13,14,15,20,21,22,27,28,29,34,35,36,41,42,43,48,49,50,55,56,57,58,59]",24,0.4,2.444531785680893,0.10877975383527808,0.006548922974616289,0.016372308135032654
production,release,26,ep005,scn00100130,96,39,"[0,1,2,3,4,5,6,7,8,9,10,11,12,13,14,15,18,22,25,29,32,36,39,43,46,50,53,57,60,64,67,71,74,78,81,85,88,92,95]",57,0.59375,2.340593083460528,0.1842126030558921,0.008196298032999039,0.013804292306303978
production,release,27,ep005,scn00100300,105,28,"[0,24,26,27,29,32,33,35,37,38,42,53,56,59,60,63,66,68,70,73,75,77,79,82,84,86,88,104]",77,0.7333333333333333,0.7289812313961505,0.34739883677422695,0.005510670132935047,0.007514548487961292
production,release,28,ep005,scn00100360,244,24,"[0,2,5,8,10,13,15,18,21,23,32,55,62,70,78,86,92,98,106,114,144,160,180,243]",220,0.9016393442622951,1.963514740402019,0.4876317968567074,0.010516614653170109,0.011663881130516529
production,release,29,ep005,scn00100390,118,32,"[0,24,26,27,29,32,33,35,37,38,42,53,56,59,60,63,66,68,70,73,75,77,79,82,84,86,88,91,93,95,97,117]",86,0.7288135593220338,0.6454315776873782,0.374672883941785,0.004904450848698616,0.006729363463819027
production,release,30,ep0051,scn0001,845,119,"[0,52,57,61,65,69,72,76,81,85,87,91,97,100,102,106,109,112,115,117,121,125,129,132,137,141,142,207,208,209,211,214,218,222,223,229,233,236,240,247,266,268,270,275,299,305,308,311,314,318,321,324,327,330,333,336,340,423,448,454,482,485,489,517,525,567,569,573,585,588,591,595,599,603,607,611,614,617,620,623,626,629,632,635,638,641,644,647,650,653,656,659,662,664,668,682,686,689,692,695,698,701,706,709,755,759,802,806,812,815,818,821,824,827,830,833,836,840,844]",726,0.8591715976331361,1.0018523802308912,1.0202516769468024,0.00786091759800911,0.009149415418505669
production,release,31,ep0053,scn0005,164,31,"[0,2,7,13,17,24,35,37,40,42,45,47,50,51,53,55,58,85,87,89,92,95,97,99,101,107,110,113,154,158,163]",133,0.8109756097560976,0.22846474421543547,0.25441936744734106,0.004341878462582827,0.005353895481675863
production,release,32,ep0057,scn0005,89,37,"[0,3,5,6,8,10,13,15,18,20,23,25,28,30,33,35,38,40,43,45,48,50,53,55,58,60,63,65,68,70,73,75,78,80,83,85,88]",52,0.5842696629213483,0.549270235502439,0.21637778906280028,0.00403961818665266,0.0069139618426561356
production,release,33,ep0059,scn0020,82,19,"[0,4,6,11,15,20,24,29,34,39,44,49,53,58,62,67,71,76,81]",63,0.7682926829268293,1.819797934832597,0.24837144431896796,0.011736738495528698,0.015276390127837658
production,release,34,ep006,scn00100120,80,15,"[0,6,7,10,15,20,27,34,41,48,55,62,69,76,79]",65,0.8125,0.3152617307439927,0.023059338470340463,0.0006536141154356301,0.0008044481510296464
production,release,35,ep006,scn00100140,111,26,"[0,23,24,26,27,35,36,38,39,49,50,54,55,59,60,77,78,80,81,87,88,90,91,94,95,110]",85,0.7657657657657657,0.7669201258983877,0.12750715373308066,0.003311521140858531,0.0043244571425020695
production,release,36,ep006,scn00100260,68,13,"[0,4,5,8,13,18,25,32,39,46,49,60,67]",55,0.8088235294117647,0.36903898682020886,0.023230751217041143,0.0008160551078617573,0.0010089408606290817
production,release,38,ep006,scn00100300,40,8,"[0,19,20,24,25,27,28,39]",32,0.8,0.2137424641329309,0.01488549018928227,0.00045903734280727804,0.0005737966857850552
production,release,39,ep006,scn00100400,402,170,"[0,1,2,3,4,5,6,7,8,9,10,11,12,13,14,15,16,17,18,19,20,21,22,23,24,25,26,27,28,29,30,31,32,33,34,35,36,37,38,39,40,41,42,43,44,45,46,47,48,49,50,51,52,53,54,55,56,57,58,59,60,61,62,63,64,65,66,67,68,69,70,71,72,73,123,124,125,126,127,128,129,130,131,132,133,134,135,136,137,138,139,140,141,142,143,144,145,146,147,148,149,150,151,152,153,154,155,156,157,158,159,160,161,162,163,164,165,166,167,168,169,170,171,172,173,174,175,176,177,178,179,180,181,182,183,184,185,186,187,188,189,190,191,192,193,194,195,196,197,198,199,200,201,202,203,204,213,214,215,216,218,220,222,224,227,233,242,261,262,401]",232,0.5771144278606966,1.503888549119757,0.5170004991126987,0.0035946941934525967,0.0062287370674312115
production,release,40,ep007,scn00100010,99,9,"[0,40,44,50,60,78,79,81,98]",90,0.9090909090909091,0.11654776159041333,0.09780646724126045,0.0018447370966896415,0.002029211027547717
production,release,41,ep007,scn00100070,67,6,"[0,41,42,64,65,66]",61,0.9104477611940298,1.9014809572360885,0.1446924387424346,0.004031702410429716,0.004428262822329998
production,release,42,ep007,scn00100080,161,25,"[0,3,5,12,49,55,57,63,69,96,97,99,100,103,106,110,114,118,124,125,139,142,143,150,160]",136,0.84472049689441,0.3831820903490196,0.6208477732272012,0.006063632667064667,0.007178270723670721
production,release,43,ep0075,scn0016,167,33,"[0,14,16,27,34,39,49,52,73,81,89,90,96,102,103,109,115,121,127,133,137,139,141,143,145,147,149,150,152,156,160,164,166]",134,0.8023952095808383,4.061177202528625,0.48275601704265103,0.015000383369624615,0.01869450882077217
production,release,44,ep008,scn00100110,95,17,"[0,28,31,34,37,68,72,73,75,78,81,82,83,86,89,91,94]",78,0.8210526315789474,1.348169962858612,0.18592748739897866,0.0049786982126533985,0.006063798908144236
production,release,45,ep008,scn00100150,133,30,"[0,14,15,17,18,19,21,22,24,36,39,41,43,45,47,49,51,53,55,56,59,64,67,71,72,75,80,83,87,132]",103,0.7744360902255639,3.821950597683494,0.303034436790609,0.008002071641385555,0.010332772508263588
production,release,46,ep008,scn00100200,110,10,"[0,5,6,66,69,81,88,97,99,109]",100,0.9090909090909091,1.620603472120681,0.360562596034688,0.005034546367824078,0.005538000259548426
production,release,47,ep008,scn00100210,148,15,"[0,8,10,13,24,31,44,57,67,86,89,105,106,127,147]",133,0.8986486486486487,0.19264116969902462,0.004087039544070157,0.0012013936648145318,0.0013368892250582576
production,release,48,ep008,scn00100230,40,9,"[0,2,5,8,16,19,22,26,39]",31,0.775,0.09592154174250492,0.0028302800931865363,0.0002479023241903633,0.0003198739723302424
production,release,49,ep008,scn00100240,144,28,"[0,13,51,52,67,70,71,76,78,84,85,86,87,88,93,101,102,104,108,109,113,120,123,124,130,133,140,143]",116,0.8055555555555556,0.930303138516405,0.10311030590654646,0.002090748865157366,0.0025954123120754957
production,release,50,ep008,scn00100260,92,6,"[0,63,66,68,70,91]",86,0.9347826086956522,0.02923943051913132,5.967095539726953e-05,5.250261165201664e-05,5.616559064947069e-05
production,release,51,ep008,scn00100280,39,8,"[0,9,14,24,28,29,30,38]",31,0.7948717948717948,0.9497362299925751,0.07271405012491174,0.00592258432880044,0.007450993172824383
production,release,52,ep008,scn00100310,52,21,"[0,1,2,3,4,5,6,7,8,9,10,11,12,13,14,15,16,22,24,28,51]",31,0.5961538461538461,0.08776616134588987,0.02327238115217347,0.00045371107989922166,0.0007610637694597244
production,release,53,ep008,scn00100330,76,7,"[0,20,27,36,66,72,75]",69,0.9078947368421053,0.18483077097730136,0.12134078478599147,0.0025551123544573784,0.0028143266681581736
production,release,54,ep008,scn00100360,50,31,"[0,1,2,3,4,5,6,7,8,10,11,12,14,16,18,20,22,24,26,28,30,32,34,36,38,40,42,44,46,48,49]",19,0.38,1.7461857795715332,0.07948461522213324,0.006243368610739708,0.016429917886853218
production,release,55,ep008,scn00100410,81,25,"[0,10,12,13,18,19,20,21,22,24,39,40,41,42,49,62,63,64,65,67,68,69,71,79,80]",56,0.691358024691358,0.09763623403089766,0.013575120069178992,0.00048356567276641726,0.0006994432769715786
